gen;baseMean;log2FoldChange;lfcSE;pvalue;padj
GEN0000;3108;-2,631;0,2997;1,475e-05;4,54e-05
GEN0001;1619;-0,9948;0,2425;0,005515;0,01496
GEN0002;3099;1,782;0,3709;8,013e-06;1,295e-05
GEN0003;996,8;0,8106;0,5641;0,007273;0,02142
GEN0004;3598;-0,08798;0,4044;0,6653;0,7043
GEN0005;2618;-0,4321;0,4761;0,3306;1
GEN0006;1221;0,0772;0,1843;0,68;0,8022
GEN0007;2050;-0,6693;0,3394;0,3923;1
GEN0008;3822;0,7106;0,3327;0,06005;0,0713
GEN0009;1807;-0,7318;0,3968;0,2979;0,8073
GEN0010;2951;0,03741;0,2324;0,8894;1
GEN0011;4712;-0,2538;0,5298;0,3514;0,5637
GEN0012;3899;-0,6787;0,3325;0,3745;0,8727
GEN0013;3676;-2,957;0,5711;5,042e-05;7,354e-05
GEN0014;3685;0,496;0,5764;0,1248;0,3404
GEN0015;4493;-0,296;0,5165;0,3006;0,8679
GEN0016;4064;1,17;0,2602;0,01655;0,01983
GEN0017;272,4;-2,702;0,2868;3,604e-05;9,041e-05
GEN0018;3663;-0,7071;0,1685;0,02722;0,07809
GEN0019;4919;-4,055;0,5883;1,254e-09;2,388e-09
GEN0020;2193;-0,002353;0,2011;0,9862;1
GEN0021;1842;-1,475;0,5527;0,09906;0,2473
GEN0022;898,8;-1,097;0,2789;0,007859;0,01824
GEN0023;3276;0,5282;0,2876;0,4526;1
GEN0024;1330;1,938;0,3943;2,798e-05;5,129e-05
GEN0025;2862;2,422;0,4413;1,842e-05;6,619e-05
GEN0026;964,4;-2,193;0,2937;0,001713;0,004254
GEN0027;2476;0,6634;0,2674;0,3133;0,7334
GEN0028;2302;1,261;0,4899;0,06791;0,2553
GEN0029;725,4;1,48;0,5002;0,0001857;0,000713
GEN0030;3051;0,1977;0,3188;0,4435;0,59
GEN0031;1559;2,238;0,2985;0,006469;0,02509
GEN0032;3818;1,161;0,4266;0,004631;0,01697
GEN0033;2487;3,334;0,2044;1,062e-05;1,707e-05
GEN0034;4199;0,86;0,3259;0,003007;0,009155
GEN0035;3469;-2,63;0,586;8,891e-06;1,563e-05
GEN0036;804,4;-2,756;0,285;0,001997;0,00621
GEN0037;1807;0,2068;0,3123;0,3152;1
GEN0038;69,34;0,7169;0,1345;0,1732;0,2293
GEN0039;1349;-2,228;0,5148;0,001707;0,006382
GEN0040;978,9;-2,362;0,5237;9,396e-08;1,766e-07
GEN0041;4953;-0,366;0,1821;0,08037;0,213
GEN0042;4133;-2,063;0,2809;0,06432;0,2123
GEN0043;2426;-1,451;0,1027;0,01745;0,02818
GEN0044;2411;2,435;0,3751;4,903e-05;0,0001301
GEN0045;3588;-0,6711;0,4562;0,3969;1
GEN0046;2680;2,012;0,5906;0,001311;0,004425
GEN0047;2424;-0,6929;0,4988;0,01037;0,02571
GEN0048;4485;0,7815;0,33;0,0114;0,01416
GEN0049;1279;0,7562;0,2091;0,009922;0,03639
GEN0050;2879;1,827;0,4702;0,0001638;0,0003971
GEN0051;3767;-1,12;0,2374;0,002262;0,008048
GEN0052;1701;0,9777;0,3876;0,002547;0,003226
GEN0053;3841;-0,7985;0,2138;0,3718;0,672
GEN0054;4012;-0,6562;0,1021;0,1284;0,2399
GEN0055;3607;-0,3003;0,4175;0,2807;0,9936
GEN0056;709,3;-0,1524;0,5611;0,7701;1
GEN0057;2500;1,134;0,5931;0,01325;0,04485
GEN0058;1016;0,1651;0,3913;0,3901;1
GEN0059;361,8;1,129;0,2119;0,02972;0,09482
GEN0060;4441;-1,365;0,356;0,01399;0,01772
GEN0061;1151;-1,45;0,5652;0,03108;0,0343
GEN0062;4012;1,069;0,2535;0,06954;0,1072
GEN0063;856,5;-0,1807;0,1823;0,5586;1
GEN0064;1686;1,503;0,1984;0,1919;0,222
GEN0065;253,5;-1,041;0,1445;0,05953;0,1849
GEN0066;935,3;-1,687;0,3621;0,0003415;0,001034
GEN0067;579,9;-0,9087;0,1961;0,002211;0,007552
GEN0068;4749;1,386;0,4377;0,1364;0,2041
GEN0069;1813;0,2035;0,5709;0,2695;1
GEN0070;329,4;0,2854;0,4426;0,2148;0,4575
GEN0071;1289;2,43;0,4963;4,61e-05;8,148e-05
GEN0072;2652;-0,3403;0,5243;0,4709;1
GEN0073;879,4;-1,751;0,364;6,768e-05;0,0001088
GEN0074;4753;-0,6847;0,1145;0,01554;0,02813
GEN0075;840;-1,742;0,3151;0,05076;0,1127
GEN0076;2547;-0,1473;0,286;0,4629;0,8746
GEN0077;1165;-0,7051;0,2642;0,209;0,2524
GEN0078;4326;-0,311;0,2557;0,1549;0,1975
GEN0079;819,3;-0,5064;0,4274;0,08832;0,1416
GEN0080;203,7;0,7671;0,5904;0,401;1
GEN0081;800,1;1,328;0,406;0,0001731;0,0006149
GEN0082;3065;0,122;0,1061;0,6353;0,96
GEN0083;3797;1,186;0,5237;0,197;0,6952
GEN0084;2478;-0,6737;0,5098;0,01158;0,01314
GEN0085;2797;-0,1796;0,1931;0,2896;0,6085
GEN0086;1814;0,6366;0,4059;0,07125;0,2667
GEN0087;4018;1,553;0,1371;0,0005831;0,001898
GEN0088;3596;-0,1756;0,1347;0,4782;0,7663
GEN0089;2610;-1,597;0,5798;0,1692;0,4271
GEN0090;139,1;0,6118;0,1472;0,4678;0,7045
GEN0091;1061;-0,3767;0,2523;0,2353;0,2704
GEN0092;3601;-1,643;0,5297;0,0004824;0,001314
GEN0093;3239;-0,5825;0,4362;0,2698;0,967
GEN0094;1108;0,3047;0,3137;0,1887;0,4347
GEN0095;282,5;0,7147;0,4876;0,03175;0,08818
GEN0096;1086;0,0743;0,2684;0,8241;1
GEN0097;4065;-0,06506;0,4861;0,7165;1
GEN0098;4188;0,9444;0,3221;0,002398;0,009443
GEN0099;873,5;0,491;0,4277;0,06996;0,2556
GEN0100;2790;-1,006;0,13;0,01552;0,02582
GEN0101;904,7;0,4468;0,3901;0,06484;0,2465
GEN0102;1769;2,002;0,3161;2,516e-06;2,874e-06
GEN0103;4258;0,7341;0,4105;0,01562;0,0611
GEN0104;2287;-1,82;0,4948;0,007594;0,02041
GEN0105;665,5;0,2865;0,2941;0,3682;0,5614
GEN0106;3992;-1,474;0,1573;0,0001112;0,0003936
GEN0107;4896;-2,182;0,421;9,847e-06;1,168e-05
GEN0108;4058;-0,5401;0,5842;0,3549;1
GEN0109;4708;0,9342;0,3758;0,009464;0,03114
GEN0110;891,3;0,6593;0,2432;0,06621;0,207
GEN0111;4893;-1,514;0,1622;0,1908;0,2616
GEN0112;4514;1,312;0,2982;0,001109;0,002502
GEN0113;535,4;-1,781;0,2522;0,002255;0,002596
GEN0114;3601;1,472;0,4235;0,04437;0,1415
GEN0115;2815;2,519;0,5688;1,174e-07;3,191e-07
GEN0116;4914;-1,067;0,4828;0,01567;0,04944
GEN0117;3380;0,8939;0,5674;0,333;1
GEN0118;194,3;-1,044;0,1517;0,08048;0,1828
GEN0119;35,68;-2,424;0,3122;1,997e-06;4,044e-06
GEN0120;4598;0,8194;0,2469;0,003837;0,004109
GEN0121;3344;-0,1797;0,297;0,5995;1
GEN0122;633,9;-0,9218;0,5591;0,01714;0,05473
GEN0123;701,7;-2,015;0,1137;9,279e-05;0,0001874
GEN0124;1286;-0,05626;0,2356;0,8328;1
GEN0125;244,7;1,35;0,2048;0,01695;0,05272
GEN0126;3100;0,1176;0,1784;0,5765;1
GEN0127;4694;-1,691;0,3251;0,0341;0,07443
GEN0128;4141;-0,1663;0,1663;0,5943;0,8616
GEN0129;4691;-0,1529;0,1051;0,555;1
GEN0130;951,2;0,2238;0,3514;0,2312;0,5952
GEN0131;1022;0,6672;0,2839;0,02007;0,03116
GEN0132;1988;0,05162;0,5303;0,888;1
GEN0133;2014;1,666;0,3678;0,0001051;0,0002569
GEN0134;1968;0,9095;0,1399;0,04445;0,09892
GEN0135;3357;0,5453;0,2789;0,4138;0,8588
GEN0136;1881;-0,3453;0,4714;0,1473;0,2993
GEN0137;4430;-1,686;0,2674;2,976e-05;7,931e-05
GEN0138;1138;-0,3203;0,5809;0,4032;0,4278
GEN0139;1216;0,383;0,3819;0,3847;1
GEN0140;1328;0,1124;0,2264;0,6271;1
GEN0141;1979;0,06501;0,4644;0,8205;1
GEN0142;1088;-0,528;0,354;0,03959;0,05089
GEN0143;446,8;-0,9964;0,1291;0,006606;0,02453
GEN0144;4911;0,2573;0,2709;0,274;0,5821
GEN0145;4762;0,6743;0,2448;0,2748;0,6585
GEN0146;4141;-1,662;0,3916;2,218e-05;4,689e-05
GEN0147;4317;0,1602;0,5093;0,5044;1
GEN0148;3417;-0,4519;0,3699;0,06701;0,1394
GEN0149;4330;-0,116;0,5609;0,5067;1
GEN0150;4705;0,7958;0,2459;0,03315;0,07074
GEN0151;3163;0,7482;0,4699;0,3528;0,9259
GEN0152;1399;-0,6363;0,1215;0,1325;0,3793
GEN0153;4267;-0,817;0,3487;0,01343;0,0239
GEN0154;4206;0,2539;0,1512;0,2495;0,36
GEN0155;1272;-1,143;0,2119;0,001962;0,002839
GEN0156;1150;-0,09711;0,3077;0,5746;0,8787
GEN0157;1162;-0,5009;0,58;0,03947;0,05477
GEN0158;1554;0,8978;0,105;0,007339;0,02037
GEN0159;3102;0,05789;0,2393;0,8364;1
GEN0160;910,4;-2,464;0,3334;7,515e-07;2,202e-06
GEN0161;1160;0,7689;0,1825;0,4505;1
GEN0162;1481;-0,249;0,5319;0,3236;1
GEN0163;2522;0,3208;0,3077;0,4551;0,7424
GEN0164;2833;1,209;0,3254;0,0005777;0,002077
GEN0165;4264;-1,083;0,54;0,002071;0,005549
GEN0166;4317;0,4545;0,2044;0,1031;0,3917
GEN0167;249,1;0,639;0,3997;0,01235;0,04824
GEN0168;774,2;1,729;0,2126;0,0004851;0,001551
GEN0169;3636;2,017;0,5537;1,232e-06;3,973e-06
GEN0170;4139;-0,637;0,3291;0,07063;0,1667
GEN0171;1605;0,8316;0,2222;0,01706;0,04516
GEN0172;574,7;0,8423;0,5018;0,01055;0,01361
GEN0173;1122;0,5108;0,561;0,07254;0,1272
GEN0174;4978;0,05354;0,2454;0,7121;1
GEN0175;3678;1,76;0,1673;0,01327;0,0427
GEN0176;4568;2,87;0,4184;0,002071;0,004682
GEN0177;4059;0,8603;0,5812;0,007953;0,02411
GEN0178;1913;-1,558;0,203;0,0002983;0,0007786
GEN0179;459;0,8132;0,443;0,04271;0,1225
GEN0180;2921;1,027;0,1384;0,1528;0,5438
GEN0181;4204;-0,518;0,511;0,104;0,1125
GEN0182;1288;-0,08357;0,4989;0,7106;0,8791
GEN0183;4605;-1,455;0,3475;0,004647;0,01228
GEN0184;2392;-0,6873;0,5779;0,4732;0,9329
GEN0185;577,3;-1,704;0,4957;0,0414;0,1233
GEN0186;1599;-0,6877;0,5636;0,08455;0,2804
GEN0187;1788;-1,122;0,1189;0,0702;0,2764
GEN0188;454,4;-2,878;0,1281;0,0001646;0,0002371
GEN0189;626,9;0,6639;0,2819;0,2808;0,8048
GEN0190;907,1;1,084;0,1066;0,02761;0,08553
GEN0191;1707;-1,077;0,2318;0,2924;0,8151
GEN0192;275,1;-0,7527;0,4089;0,02352;0,08487
GEN0193;1147;0,03184;0,2979;0,942;1
GEN0194;1978;0,4421;0,1251;0,07596;0,1705
GEN0195;3072;0,1915;0,2171;0,3836;1
GEN0196;345,8;-1,698;0,4069;1,73e-05;3,831e-05
GEN0197;1276;-0,01106;0,281;0,9779;1
GEN0198;3580;-0,1895;0,4332;0,3973;0,7045
GEN0199;433,6;-1,281;0,495;0,1771;0,2568
GEN0200;4125;-1,355;0,2314;0,1562;0,5574
GEN0201;937,7;1,395;0,2728;0,06706;0,2396
GEN0202;3197;-1,549;0,3778;0,002377;0,006976
GEN0203;4565;1,613;0,5749;1,768e-05;5,516e-05
GEN0204;3140;0,5819;0,1477;0,3509;0,7086
GEN0205;190,9;-0,005064;0,3178;0,979;1
GEN0206;3965;-0,3659;0,2507;0,1923;0,4252
GEN0207;628,5;-0,4496;0,2848;0,4677;0,9625
GEN0208;3567;-0,7181;0,4639;0,04514;0,1774
GEN0209;1139;-0,4403;0,1928;0,3135;0,9189
GEN0210;78,4;2,379;0,4621;0,001601;0,002901
GEN0211;2768;-2,053;0,2195;2,56e-05;5,406e-05
GEN0212;271,8;2,797;0,5386;3,648e-06;3,873e-06
GEN0213;4972;-1,612;0,3814;0,04813;0,05832
GEN0214;3998;-0,07333;0,5387;0,63;0,8
GEN0215;3346;0,3212;0,1703;0,6841;1
GEN0216;583,2;-1,232;0,4472;0,002481;0,009261
GEN0217;2188;1,214;0,1135;0,003193;0,01106
GEN0218;4726;1,563;0,2037;0,0005398;0,001418
GEN0219;4717;0,3788;0,2272;0,1341;0,5003
GEN0220;1445;0,7297;0,3501;0,3925;1
GEN0221;1390;-1,057;0,3219;0,3013;0,3607
GEN0222;2503;0,5053;0,4729;0,1373;0,3598
GEN0223;23,37;-0,7216;0,4543;0,01003;0,01893
GEN0224;425,6;-0,2067;0,4858;0,7546;1
GEN0225;2078;-0,6634;0,246;0,4323;1
GEN0226;4977;0,8064;0,554;0,008514;0,008824
GEN0227;2368;-1,537;0,1858;0,04144;0,04518
GEN0228;4099;-0,2731;0,5558;0,7363;1
GEN0229;550,8;0,4307;0,5584;0,1011;0,1012
GEN0230;3682;2,95;0,368;0,0003171;0,00061
GEN0231;2141;0,3063;0,1407;0,5135;1
GEN0232;3950;0,4602;0,53;0,1258;0,481
GEN0233;2442;1,251;0,3286;0,01998;0,07593
GEN0234;4654;-1,406;0,2301;0,04304;0,114
GEN0235;4986;-0,9711;0,3457;0,06618;0,0841
GEN0236;1365;0,5079;0,1465;0,05706;0,1421
GEN0237;1320;1,097;0,2944;0,004077;0,008607
GEN0238;3661;0,03629;0,118;0,9057;1
GEN0239;1259;-0,1789;0,1702;0,2971;0,9228
GEN0240;3210;0,9841;0,1835;0,002973;0,004856
GEN0241;2258;1,335;0,563;0,001175;0,001823
GEN0242;4055;2,234;0,2418;1,526e-06;5,889e-06
GEN0243;899,1;-0,451;0,5201;0,2207;0,2951
GEN0244;1009;0,1442;0,486;0,5505;0,5995
GEN0245;2469;-1,426;0,1252;0,1371;0,3505
GEN0246;253,2;-0,06981;0,5334;0,866;1
GEN0247;2107;-0,1459;0,5136;0,4094;0,7624
GEN0248;2697;1,673;0,4423;6,233e-05;0,0001547
GEN0249;1855;1,363;0,5785;0,0001108;0,0002058
GEN0250;3319;-1,855;0,3042;0,0664;0,1928
GEN0251;4215;0,4465;0,5198;0,06308;0,1984
GEN0252;3948;-0,6843;0,1902;0,2871;0,8623
GEN0253;3946;0,008207;0,2883;0,9535;1
GEN0254;2042;-2,217;0,1186;5,607e-06;2,182e-05
GEN0255;4869;-0,8288;0,3777;0,1614;0,4209
GEN0256;2223;3,444;0,1441;3,528e-07;1,211e-06
GEN0257;4048;0,4635;0,4242;0,05668;0,1168
GEN0258;398,9;-0,1244;0,4837;0,4927;1
GEN0259;1228;-0,7198;0,1898;0,1133;0,4424
GEN0260;87,6;-0,8027;0,4619;0,006498;0,009153
GEN0261;4663;0,3452;0,4049;0,4533;1
GEN0262;368,6;0,6389;0,4993;0,05023;0,1605
GEN0263;1236;0,4587;0,299;0,08943;0,3153
GEN0264;2788;3,098;0,5235;2,025e-09;6,716e-09
GEN0265;1453;0,1507;0,2936;0,6164;1
GEN0266;1368;-0,002484;0,1657;0,9957;1
GEN0267;1954;-1,789;0,3064;4,516e-06;1,26e-05
GEN0268;4501;-0,6768;0,5497;0,2532;0,4654
GEN0269;1104;-0,3653;0,4375;0,3786;0,4867
GEN0270;4496;0,5118;0,4119;0,03693;0,07847
GEN0271;4356;3,781;0,2971;2,806e-06;3,651e-06
GEN0272;2568;1,257;0,3193;0,00263;0,004761
GEN0273;3369;-0,4861;0,3978;0,05725;0,1239
GEN0274;3035;-1,156;0,5462;0,0003094;0,0007724
GEN0275;753,7;-1,146;0,1197;0,001575;0,002191
GEN0276;1272;-2,309;0,2469;1,714e-07;5,843e-07
GEN0277;1337;1,646;0,5803;6,19e-05;0,0002067
GEN0278;4381;1,255;0,5241;0,01194;0,03496
GEN0279;1990;0,1756;0,2809;0,3226;0,8823
GEN0280;4669;1,683;0,1924;0,0001216;0,0001726
GEN0281;2820;0,3546;0,1119;0,105;0,2056
GEN0282;1055;0,2153;0,5711;0,2998;0,9359
GEN0283;309,1;1,321;0,1386;0,01098;0,03115
GEN0284;925,7;-0,8151;0,4344;0,02585;0,0373
GEN0285;2318;-0,2875;0,1007;0,1481;0,4613
GEN0286;1098;0,3792;0,5504;0,3794;0,4327
GEN0287;3572;1,265;0,549;0,009716;0,02111
GEN0288;1072;0,9579;0,5375;0,06097;0,2428
GEN0289;4604;-1,092;0,3774;0,2419;0,8099
GEN0290;2021;0,1549;0,472;0,6229;1
GEN0291;2550;0,6251;0,4712;0,2395;0,7468
GEN0292;3022;-3,3;0,4165;0,0003421;0,001322
GEN0293;1830;-1,15;0,446;0,05824;0,09449
GEN0294;4790;0,7237;0,3528;0,03119;0,124
GEN0295;3763;0,09658;0,4102;0,5421;1
GEN0296;2145;2,181;0,4323;3,773e-05;0,0001048
GEN0297;1115;1,497;0,5118;0,108;0,1977
GEN0298;3254;0,6819;0,3047;0,01917;0,06878
GEN0299;4061;-1,706;0,5711;0,001786;0,003036
GEN0300;460,7;1,683;0,3988;9,725e-06;1,398e-05
GEN0301;168,2;-0,1364;0,2669;0,5246;1
GEN0302;4187;0,6004;0,4242;0,01717;0,02022
GEN0303;775,7;1,101;0,3237;0,09839;0,3793
GEN0304;4868;1,098;0,3616;0,05218;0,1822
GEN0305;4852;0,8045;0,4855;0,006647;0,0206
GEN0306;3584;-1,559;0,2897;0,0003802;0,00098
GEN0307;243,7;-0,2981;0,2165;0,1504;0,4738
GEN0308;2001;-0,7168;0,4553;0,007681;0,02664
GEN0309;1882;-1,871;0,4854;0,007326;0,01354
GEN0310;4717;-1,733;0,2015;0,001355;0,003041
GEN0311;1806;-0,338;0,1808;0,1892;0,3351
GEN0312;1695;-2,22;0,1321;0,006292;0,008571
GEN0313;3464;-1,278;0,1811;0,002248;0,007946
GEN0314;762,8;0,4533;0,3035;0,07326;0,1959
GEN0315;1921;-0,5962;0,4826;0,06019;0,1396
GEN0316;1129;-1,272;0,2714;0,001446;0,005126
GEN0317;4643;0,5468;0,4965;0,1528;0,2228
GEN0318;4993;-2,257;0,4864;0,05222;0,1932
GEN0319;1082;-0,6575;0,2805;0,03923;0,06851
GEN0320;1480;-2,012;0,5616;7,48e-05;0,0002569
GEN0321;2226;-1,55;0,5299;0,03172;0,09591
GEN0322;1537;-1,415;0,4616;0,0006067;0,0012
GEN0323;3607;0,05054;0,166;0,901;1
GEN0324;2116;0,3924;0,3822;0,07061;0,2716
GEN0325;2702;-0,6228;0,1847;0,02786;0,03537
GEN0326;4694;-0,6181;0,1174;0,3476;0,4872
GEN0327;226;0,7168;0,5117;0,02536;0,07356
GEN0328;1709;-0,2377;0,3058;0,7641;1
GEN0329;3629;-0,2842;0,3299;0,1557;0,2969
GEN0330;1376;-1,334;0,5301;0,004784;0,01735
GEN0331;4525;-0,9023;0,3601;0,1065;0,1853
GEN0332;2667;-0,3688;0,584;0,1504;0,4348
GEN0333;4843;-1,55;0,1759;0,03858;0,1178
GEN0334;4840;0,6656;0,46;0,05616;0,2121
GEN0335;4243;-0,372;0,3349;0,09305;0,124
GEN0336;180,7;-0,6226;0,54;0,09407;0,3386
GEN0337;1953;-2,621;0,1391;0,0005254;0,001427
GEN0338;119;0,4947;0,5238;0,08006;0,1287
GEN0339;2262;-1,855;0,3771;4,955e-06;1,16e-05
GEN0340;4312;-0,3825;0,5279;0,2265;0,2486
GEN0341;3229;-1,363;0,2063;0,02218;0,08613
GEN0342;4349;-0,334;0,1421;0,2628;0,6911
GEN0343;1554;1,051;0,3337;0,02221;0,05227
GEN0344;622;-1,03;0,3864;0,2102;0,2492
GEN0345;2028;-1,709;0,253;0,13;0,4741
GEN0346;4533;-0,5304;0,3063;0,2199;0,8056
GEN0347;3613;0,625;0,1336;0,03169;0,1032
GEN0348;780,4;0,5447;0,3827;0,1201;0,4028
GEN0349;4207;1,068;0,5407;0,1199;0,3165
GEN0350;768,6;1,309;0,4328;0,01491;0,03513
GEN0351;1635;2,954;0,4548;2,697e-09;6,247e-09
GEN0352;3390;-2,453;0,5939;1,911e-05;4,744e-05
GEN0353;1514;-2,507;0,5236;0,01226;0,03817
GEN0354;3671;-0,5789;0,4604;0,03378;0,1171
GEN0355;2663;-1,486;0,1315;0,0006726;0,002315
GEN0356;4967;0,06082;0,1237;0,7188;1
GEN0357;4686;-0,03634;0,108;0,9418;1
GEN0358;2663;0,1934;0,3189;0,4187;0,428
GEN0359;533,9;1,301;0,3114;0,04713;0,1359
GEN0360;1150;-1,425;0,5472;0,1077;0,148
GEN0361;2244;0,7777;0,2249;0,3943;1
GEN0362;3050;0,6157;0,1147;0,07221;0,08561
GEN0363;4934;0,6195;0,2499;0,07958;0,1647
GEN0364;2140;-0,7791;0,2972;0,2286;0,5304
GEN0365;2528;-0,8911;0,3739;0,02432;0,0248
GEN0366;1200;-1,804;0,4901;4,743e-05;6,298e-05
GEN0367;744,1;1,445;0,155;0,01436;0,0234
GEN0368;3457;3,627;0,2483;8,63e-09;3,19e-08
GEN0369;911,4;-1,037;0,3045;0,001162;0,004136
GEN0370;1003;-0,4272;0,373;0,2282;0,2933
GEN0371;3734;-0,2081;0,5251;0,3943;0,8043
GEN0372;136,3;0,476;0,3905;0,2682;0,949
GEN0373;2391;0,08772;0,1434;0,6273;1
GEN0374;1651;-0,2491;0,4868;0,2293;0,5882
GEN0375;2482;-0,6735;0,5225;0,01238;0,03967
GEN0376;379,9;-2,892;0,3054;8,556e-08;1,921e-07
GEN0377;1478;-0,7327;0,4614;0,1345;0,1424
GEN0378;4232;0,8968;0,5527;0,04298;0,1262
GEN0379;4801;-0,9366;0,4385;0,001673;0,004938
GEN0380;2127;1,305;0,4613;0,1394;0,4525
GEN0381;229,8;-1,11;0,2697;0,01647;0,02227
GEN0382;1893;-0,705;0,434;0,07878;0,3083
GEN0383;263,2;0,8061;0,5882;0,02613;0,09198
GEN0384;3775;-0,7006;0,5668;0,09773;0,1125
GEN0385;580,7;3,315;0,152;1,245e-06;4,887e-06
GEN0386;3054;-1,208;0,5167;0,02679;0,02918
GEN0387;1986;0,8302;0,1358;0,008351;0,01125
GEN0388;4033;-0,2649;0,4242;0,7337;1
GEN0389;1282;0,8378;0,1022;0,006169;0,01088
GEN0390;4553;-2,403;0,4094;2,67e-05;6,655e-05
GEN0391;519,6;-1,126;0,3448;0,01747;0,03827
GEN0392;4525;2,05;0,5822;0,007847;0,02966
GEN0393;63,74;2,21;0,3891;0,02115;0,06041
GEN0394;2657;-0,918;0,315;0,01039;0,0138
GEN0395;4733;1,959;0,2771;8,41e-06;2,081e-05
GEN0396;4955;0,2113;0,5372;0,2367;0,7504
GEN0397;4702;2,524;0,2215;0,001126;0,004214
GEN0398;728,4;0,8519;0,5531;0,01099;0,04161
GEN0399;3463;-2,13;0,3575;0,08309;0,2477
GEN0400;1410;0,4907;0,5441;0,03889;0,1442
GEN0401;4265;1,039;0,217;0,2679;1
GEN0402;4771;1,281;0,3741;0,001441;0,0045
GEN0403;3900;-1,81;0,2542;4,457e-06;1,438e-05
GEN0404;374,9;-2,141;0,4808;0,05953;0,09041
GEN0405;3381;2,16;0,3249;0,001728;0,005246
GEN0406;164,3;0,8896;0,2459;0,06733;0,2078
GEN0407;2870;2,097;0,1031;1,248e-05;1,527e-05
GEN0408;2867;0,7683;0,3973;0,01489;0,03174
GEN0409;1261;-0,7385;0,5064;0,02721;0,09313
GEN0410;2327;-0,082;0,1125;0,745;1
GEN0411;1967;3,002;0,5945;9,474e-06;1,385e-05
GEN0412;3789;0,3796;0,4673;0,1665;0,4124
GEN0413;3623;0,05587;0,448;0,9097;1
GEN0414;1383;0,2404;0,4502;0,3245;1
GEN0415;2557;-0,7671;0,4837;0,01206;0,04163
GEN0416;2551;1,079;0,5167;0,001928;0,003283
GEN0417;1050;1,499;0,15;0,0001182;0,0004707
GEN0418;1657;-1,22;0,4285;0,04859;0,08149
GEN0419;3836;-1,009;0,2566;0,01524;0,02571
GEN0420;1530;0,5773;0,3654;0,1524;0,5764
GEN0421;301;-1,24;0,3143;0,1014;0,1351
GEN0422;3045;1,189;0,2505;0,003403;0,00684
GEN0423;73,9;0,7202;0,5604;0,05256;0,1299
GEN0424;1130;-1,762;0,4331;0,003858;0,0118
GEN0425;750,4;1,887;0,2474;3,038e-05;0,0001198
GEN0426;3179;-1,232;0,2752;0,0004634;0,00112
GEN0427;2133;0,2029;0,5679;0,4988;0,5221
GEN0428;3572;1,684;0,3082;2,916e-05;0,0001036
GEN0429;813,7;0,7617;0,585;0,00807;0,01286
GEN0430;2875;0,2451;0,587;0,2088;0,6769
GEN0431;742,1;-1,677;0,515;3,556e-05;0,0001143
GEN0432;1187;1,156;0,2962;0,01097;0,03482
GEN0433;1547;-2,342;0,5452;3,865e-06;1,505e-05
GEN0434;1298;0,6867;0,2425;0,3064;1
GEN0435;1249;0,2916;0,4699;0,5666;1
GEN0436;2720;-1,106;0,4401;0,01519;0,01599
GEN0437;175,4;-1,101;0,4285;0,1181;0,2652
GEN0438;4780;-0,1466;0,5426;0,4421;0,8928
GEN0439;4068;0,5051;0,4748;0,0582;0,06713
GEN0440;2420;-1,088;0,5817;0,001745;0,002125
GEN0441;340,3;0,01392;0,4124;0,9552;1
GEN0442;472,8;1,469;0,486;3,653e-05;8,927e-05
GEN0443;4342;0,01828;0,312;0,8976;1
GEN0444;2531;0,7896;0,2827;0,00471;0,01246
GEN0445;11,35;2,13;0,5837;1,758e-06;4,302e-06
GEN0446;4498;-0,6746;0,1266;0,1764;0,2329
GEN0447;2225;-0,1322;0,3657;0,6872;1
GEN0448;1500;1,177;0,5281;0,04877;0,1886
GEN0449;3671;0,3957;0,1227;0,1003;0,143
GEN0450;2094;0,05318;0,5196;0,6979;1
GEN0451;521,9;1,338;0,5202;0,000443;0,0005484
GEN0452;3187;-3,64;0,1597;2,482e-06;2,921e-06
GEN0453;2370;-2,585;0,3968;1,118e-05;3,047e-05
GEN0454;839;-0,9078;0,3424;0,1588;0,1723
GEN0455;4764;-0,8796;0,2213;0,3344;0,4205
GEN0456;3250;1,741;0,4707;7,613e-05;0,0001291
GEN0457;3734;-1,274;0,5851;0,01152;0,03968
GEN0458;720,6;-0,03443;0,1785;0,7886;1
GEN0459;4587;0,4088;0,3903;0,3754;1
GEN0460;4477;-0,2176;0,4723;0,6862;1
GEN0461;1270;-0,07427;0,1302;0,8958;1
GEN0462;1413;1,21;0,5122;0,02945;0,03307
GEN0463;202,8;-0,2867;0,2905;0,7309;1
GEN0464;419,2;0,2113;0,2518;0,5082;1
GEN0465;3697;1,23;0,5316;0,001053;0,002428
GEN0466;1496;-0,9494;0,5617;0,1806;0,6158
GEN0467;4582;-1,698;0,5522;5,979e-05;0,0001741
GEN0468;3946;2,096;0,4277;0,007568;0,02389
GEN0469;4209;1,157;0,3546;0,1326;0,277
GEN0470;1494;-1,355;0,45;0,2;0,4666
GEN0471;2855;-0,2352;0,1322;0,3475;1
GEN0472;1324;-1,322;0,3669;0,1457;0,2507
GEN0473;1682;0,4869;0,5244;0,08056;0,3084
GEN0474;2433;-0,4383;0,1815;0,3745;1
GEN0475;1038;0,944;0,1633;0,03036;0,08352
GEN0476;4427;-1,552;0,2828;8,025e-05;0,0002538
GEN0477;795,4;-0,7299;0,4982;0,0424;0,1123
GEN0478;453,4;-0,4922;0,5947;0,2562;0,3425
GEN0479;1536;2,037;0,4287;0,0003449;0,0007716
GEN0480;1249;0,7937;0,2469;0,02724;0,06053
GEN0481;2889;0,9397;0,5483;0,002711;0,005304
GEN0482;3902;-0,9654;0,225;0,008331;0,02953
GEN0483;3078;0,3902;0,3278;0,231;0,7305
GEN0484;10,72;-2,311;0,4384;0,01858;0,07395
GEN0485;251,2;-0,3819;0,507;0,441;0,7024
GEN0486;3491;-0,735;0,1515;0,2049;0,5049
GEN0487;1283;-0,9901;0,4073;0,03788;0,0499
GEN0488;2741;0,3281;0,2675;0,2914;0,9224
GEN0489;3005;0,7039;0,3681;0,01284;0,03993
GEN0490;1021;-0,5552;0,564;0,1273;0,4665
GEN0491;3503;0,3402;0,5482;0,2091;0,2345
GEN0492;2115;-0,04295;0,234;0,8943;1
GEN0493;4210;-1,098;0,3012;0,006931;0,02418
GEN0494;328,8;-0,5095;0,149;0,07368;0,2448
GEN0495;1760;0,8904;0,5595;0,2843;0,5635
GEN0496;4972;0,05425;0,144;0,9385;1
GEN0497;2577;-0,7496;0,1722;0,03987;0,1275
GEN0498;662,9;0,8237;0,4361;0,02016;0,04407
GEN0499;3341;-0,4892;0,3068;0,3835;1
GEN0500;3436;-1,245;0,5498;0,005533;0,01462
GEN0501;3837;-1,162;0,4776;0,1041;0,2611
GEN0502;3784;-0,3165;0,5002;0,1511;0,3093
GEN0503;1096;-0,1555;0,3143;0,5138;0,8841
GEN0504;3267;0,317;0,4273;0,4938;1
GEN0505;2584;-0,9709;0,257;0,01412;0,0482
GEN0506;448,6;0,3075;0,4115;0,5041;1
GEN0507;1418;-4,34;0,279;0,006199;0,0161
GEN0508;2094;-2,753;0,2726;0,0002789;0,0005611
GEN0509;4594;0,4631;0,3187;0,312;1
GEN0510;4201;-0,1847;0,353;0,5374;1
GEN0511;3271;-0,5919;0,1831;0,06133;0,06975
GEN0512;861,1;-0,1875;0,5921;0,5111;1
GEN0513;3656;-1,454;0,1567;0,02113;0,04016
GEN0514;522,6;-1,768;0,3454;0,003079;0,006816
GEN0515;4022;0,1143;0,3547;0,5264;1
GEN0516;2634;2,728;0,3665;0,01244;0,03318
GEN0517;3169;0,6092;0,3702;0,07617;0,1556
GEN0518;3954;-0,2191;0,1869;0,3682;1
GEN0519;2957;1,821;0,1843;8,522e-06;2,166e-05
GEN0520;4615;1,94;0,5294;0,0002222;0,0004196
GEN0521;1150;0,8178;0,4816;0,005024;0,006866
GEN0522;2981;-3,125;0,2745;0,001791;0,007151
GEN0523;1745;-0,713;0,2554;0,1115;0,4295
GEN0524;1959;-1,434;0,2015;0,00406;0,01306
GEN0525;4386;1,03;0,103;0,001339;0,004441
GEN0526;257,6;1,279;0,2381;0,0001307;0,0004015
GEN0527;2196;0,2356;0,515;0,3699;1
GEN0528;3992;0,4293;0,3342;0,07047;0,08122
GEN0529;2882;-0,5203;0,1848;0,04055;0,06598
GEN0530;4802;-0,7827;0,2919;0,1148;0,1376
GEN0531;2547;-0,1781;0,5512;0,4625;0,6363
GEN0532;1310;0,529;0,4874;0,1195;0,161
GEN0533;500;0,9282;0,2611;0,002119;0,006603
GEN0534;783,8;0,9011;0,1755;0,007956;0,01534
GEN0535;1658;0,4462;0,3726;0,305;1
GEN0536;995;0,8762;0,1106;0,01952;0,04917
GEN0537;3764;-1,274;0,1904;0,06327;0,2141
GEN0538;3130;-0,09767;0,3373;0,6292;1
GEN0539;4834;-0,6439;0,2309;0,03786;0,09397
GEN0540;4059;1,561;0,5108;7,888e-05;0,0001573
GEN0541;3842;-0,1516;0,291;0,4695;1
GEN0542;1043;-0,1554;0,1188;0,4858;1
GEN0543;222,2;-0,3863;0,1556;0,5942;1
GEN0544;2686;-0,7911;0,2433;0,09094;0,2502
GEN0545;745,3;-0,3405;0,4205;0,2694;0,6674
GEN0546;4441;0,4535;0,255;0,6341;1
GEN0547;2406;-2,115;0,3618;0,001598;0,006053
GEN0548;4863;0,3889;0,5643;0,1846;0,5522
GEN0549;2525;2,898;0,5239;5,243e-08;1,967e-07
GEN0550;4216;2,073;0,2547;3,273e-05;8,15e-05
GEN0551;4843;-3,207;0,4835;5,291e-09;5,731e-09
GEN0552;499;1,078;0,1847;0,0449;0,1574
GEN0553;3934;0,5223;0,4112;0,08703;0,1648
GEN0554;3516;1,042;0,1789;0,05196;0,06567
GEN0555;4927;-0,3691;0,3773;0,2956;0,3598
GEN0556;3588;-0,4969;0,2396;0,3753;1
GEN0557;1547;1,005;0,3547;0,003416;0,00447
GEN0558;4387;1,859;0,1431;3,298e-06;4,366e-06
GEN0559;4358;-2,076;0,1939;0,0002179;0,0004908
GEN0560;4327;-0,6362;0,245;0,01402;0,04672
GEN0561;3614;-3,1;0,5508;0,001127;0,001203
GEN0562;2751;0,4856;0,5208;0,04621;0,1811
GEN0563;1454;-0,3027;0,4173;0,2479;0,7289
GEN0564;1449;0,03537;0,5868;0,7984;1
GEN0565;3116;0,1697;0,2836;0,7922;1
GEN0566;4211;0,08583;0,3024;0,7725;1
GEN0567;2368;0,008995;0,4258;0,9485;1
GEN0568;1713;-0,9105;0,4022;0,001837;0,003358
GEN0569;4162;-0,3425;0,1494;0,1275;0,3528
GEN0570;2352;-1,218;0,146;0,002341;0,004765
GEN0571;2189;1,241;0,2101;0,0021;0,004992
GEN0572;141,9;0,2537;0,2085;0,3813;1
GEN0573;52,67;0,02014;0,2863;0,9393;1
GEN0574;2156;-1,061;0,5473;0,005066;0,01262
GEN0575;4635;1,231;0,528;0,003364;0,01156
GEN0576;211,9;0,9271;0,1078;0,007011;0,02735
GEN0577;2961;-0,264;0,3884;0,5023;1
GEN0578;3204;1,123;0,5181;0,007551;0,01184
GEN0579;1491;0,3121;0,1348;0,4683;0,511
GEN0580;936,3;0,06942;0,3513;0,7651;0,9309
GEN0581;3635;-0,4148;0,1631;0,1612;0,4594
GEN0582;1397;2,433;0,5918;1,004e-05;1,792e-05
GEN0583;1787;-0,2569;0,5075;0,258;0,6427
GEN0584;4689;-1,002;0,127;0,08789;0,1436
GEN0585;467,1;0,2777;0,2585;0,1564;0,2358
GEN0586;2113;0,8103;0,572;0,08469;0,2532
GEN0587;812,4;0,6643;0,1011;0,3466;0,4812
GEN0588;2548;-0,7037;0,4011;0,05625;0,1444
GEN0589;1547;-0,847;0,4332;0,0038;0,0122
GEN0590;3762;0,1385;0,2777;0,3794;1
GEN0591;569,3;0,4396;0,1629;0,226;0,6551
GEN0592;378,1;-1,293;0,1502;0,0003594;0,001288
GEN0593;1481;-1,039;0,5083;0,0007478;0,002432
GEN0594;1891;-1,448;0,3702;0,0003117;0,0006167
GEN0595;4177;-1,765;0,3503;0,0005155;0,001677
GEN0596;4009;-0,9408;0,5512;0,3247;0,4462
GEN0597;4631;2,262;0,2563;0,003869;0,007532
GEN0598;3827;1,131;0,2401;0,02254;0,04648
GEN0599;3888;0,0384;0,331;0,8708;1
GEN0600;2276;-0,7337;0,488;0,3745;1
GEN0601;507,5;-1,837;0,3785;0,001036;0,001456
GEN0602;2314;-0,4164;0,1807;0,1321;0,2473
GEN0603;4952;-1,513;0,4587;0,0002044;0,000551
GEN0604;2734;-1,489;0,5515;0,06323;0,143
GEN0605;1443;0,07513;0,1097;0,5972;0,9608
GEN0606;401;-1,193;0,216;0,1728;0,6529
GEN0607;2119;-1,285;0,222;0,2;0,4014
GEN0608;1764;0,05021;0,5453;0,915;1
GEN0609;338,2;0,8415;0,4489;0,04015;0,04708
GEN0610;1344;-1,251;0,2751;0,01812;0,06356
GEN0611;2764;2,548;0,124;0,0534;0,1244
GEN0612;4449;-1,649;0,1112;0,08609;0,25
GEN0613;2284;-0,04416;0,2013;0,7647;1
GEN0614;2993;-0,8803;0,4077;0,003755;0,01281
GEN0615;1525;-0,4882;0,5077;0,3616;1
GEN0616;4876;1,949;0,2964;0,01343;0,01614
GEN0617;85,14;0,6488;0,2335;0,01149;0,02865
GEN0618;836,2;-1,724;0,5102;0,002437;0,003987
GEN0619;3408;-0,1205;0,3881;0,4812;0,9244
GEN0620;2208;1,215;0,1477;0,04723;0,1039
GEN0621;3895;0,7448;0,3724;0,01048;0,01473
GEN0622;1118;1,643;0,3215;2,353e-05;7,711e-05
GEN0623;2675;-0,2614;0,2009;0,5159;1
GEN0624;1640;-0,6426;0,2382;0,02685;0,1067
GEN0625;279,4;-0,673;0,4475;0,1548;0,4111
GEN0626;1128;1,701;0,5324;0,0003251;0,001012
GEN0627;103,5;0,1973;0,4495;0,3755;0,7257
GEN0628;2256;-2,165;0,3586;0,1075;0,2618
GEN0629;792,1;0,4277;0,5553;0,06646;0,231
GEN0630;2422;-0,3997;0,1109;0,4404;1
GEN0631;1476;-0,02037;0,3509;0,8888;1
GEN0632;4380;-1,184;0,2618;0,1907;0,442
GEN0633;4209;-0,5219;0,3159;0,359;1
GEN0634;1450;0,9294;0,5223;0,002448;0,006827
GEN0635;1306;-0,1969;0,4079;0,6387;1
GEN0636;1667;-0,7623;0,4644;0,007653;0,02262
GEN0637;4488;0,09034;0,1932;0,877;1
GEN0638;756,3;1,005;0,1347;0,1321;0,3717
GEN0639;1687;1,11;0,4904;0,0007996;0,002149
GEN0640;2691;0,8102;0,1133;0,01873;0,03618
GEN0641;2362;2,225;0,5992;0,00214;0,006683
GEN0642;4144;-0,4555;0,1006;0,3559;1
GEN0643;4595;-0,8758;0,1519;0,3042;1
GEN0644;2915;-2,44;0,5572;0,01813;0,0479
GEN0645;1353;0,1173;0,2029;0,5849;1
GEN0646;2147;-1,866;0,4755;0,0001118;0,0002758
GEN0647;2929;0,01627;0,1165;0,8947;1
GEN0648;518,2;-0,08494;0,462;0,7063;1
GEN0649;1635;-1,282;0,2899;0,00107;0,002885
GEN0650;2825;1,364;0,1749;7,95e-05;0,000101
GEN0651;4697;-0,05737;0,1333;0,797;1
GEN0652;11,05;-1,543;0,3082;0,0609;0,07728
GEN0653;2895;-0,7204;0,3885;0,1236;0,3957
GEN0654;1053;2,166;0,2763;2,35e-06;5,529e-06
GEN0655;2678;-2,27;0,5616;0,000103;0,0003117
GEN0656;1085;0,2272;0,5752;0,2391;0,3941
GEN0657;1453;-0,359;0,1155;0,107;0,3293
GEN0658;1184;-0,4525;0,5989;0,543;0,8756
GEN0659;4689;0,5283;0,4799;0,09923;0,1139
GEN0660;1927;2,231;0,4601;0,05436;0,14
GEN0661;3089;-0,08321;0,1145;0,6639;1
GEN0662;906,5;-0,2675;0,2633;0,2241;0,4464
GEN0663;4704;-0,3154;0,1934;0,1616;0,4688
GEN0664;1342;2,038;0,2342;0,04801;0,06833
GEN0665;2841;0,9442;0,3079;0,2208;0,479
GEN0666;359,6;-0,1926;0,2416;0,5251;1
GEN0667;710,7;-0,03782;0,1881;0,788;1
GEN0668;782,6;2,72;0,4538;6,471e-07;1,286e-06
GEN0669;2950;0,2775;0,1009;0,3134;0,8479
GEN0670;1244;2,027;0,1224;0,0001436;0,0002144
GEN0671;4872;-0,968;0,4022;0,002497;0,00971
GEN0672;4424;1,024;0,3179;0,1142;0,3117
GEN0673;1850;-1,4;0,2908;0,0001212;0,0004042
GEN0674;3514;-0,8903;0,4053;0,004132;0,006118
GEN0675;4774;-0,3892;0,4347;0,4952;1
GEN0676;3046;1,986;0,4633;0,0009033;0,002739
GEN0677;3402;0,833;0,288;0,004688;0,008232
GEN0678;493,3;-0,03892;0,2096;0,769;1
GEN0679;108,8;1,527;0,4547;0,03103;0,1134
GEN0680;2294;-0,6624;0,1191;0,0827;0,2772
GEN0681;1645;1,313;0,2711;0,03237;0,111
GEN0682;91,34;1,907;0,542;0,003588;0,007158
GEN0683;1903;-1,323;0,4087;0,0009584;0,002025
GEN0684;4743;2,283;0,3785;0,005767;0,01185
GEN0685;3489;-0,5968;0,5133;0,205;0,7041
GEN0686;4184;0,3914;0,5102;0,126;0,1885
GEN0687;3502;2,166;0,4224;6,339e-06;6,94e-06
GEN0688;4883;-0,1555;0,3809;0,4673;0,9432
GEN0689;2453;-2,043;0,3739;0,001732;0,003311
GEN0690;176,5;-2,064;0,1184;5,385e-05;0,0001491
GEN0691;4105;0,5895;0,547;0,08902;0,1862
GEN0692;3981;-0,1229;0,4305;0,8243;1
GEN0693;2130;0,2173;0,4382;0,3262;0,5919
GEN0694;4180;-0,8536;0,3514;0,3172;0,894
GEN0695;4446;1,764;0,2145;0,008121;0,0179
GEN0696;4295;1,455;0,2504;0,02509;0,06372
GEN0697;1326;0,1144;0,3544;0,4745;1
GEN0698;2557;1,745;0,2705;0,04208;0,1509
GEN0699;272,5;0,04533;0,365;0,7533;1
GEN0700;9,816;0,4932;0,2227;0,1751;0,6789
GEN0701;141,5;0,1987;0,4012;0,3854;1
GEN0702;4406;-0,4107;0,3766;0,1712;0,6254
GEN0703;2859;0,328;0,2704;0,1396;0,2785
GEN0704;4526;0,1791;0,37;0,4262;1
GEN0705;281,1;1,801;0,2509;0,003735;0,004955
GEN0706;2435;-1,488;0,5919;0,02347;0,09262
GEN0707;2213;0,004651;0,5429;0,9689;1
GEN0708;3433;-1,04;0,5398;0,001083;0,004078
GEN0709;1039;-0,6444;0,4319;0,01961;0,03537
GEN0710;2148;0,2576;0,1558;0,1976;0,2006
GEN0711;1337;-0,4226;0,3545;0,1974;0,641
GEN0712;4944;0,09292;0,4482;0,7425;1
GEN0713;1312;-0,3176;0,3312;0,2061;0,2496
GEN0714;1992;0,6215;0,5093;0,01766;0,04246
GEN0715;3506;0,4365;0,1762;0,109;0,1856
GEN0716;744,7;-2,334;0,3756;3,51e-07;7,458e-07
GEN0717;4647;-1,256;0,4016;0,0005932;0,0005942
GEN0718;4305;0,5594;0,4677;0,02245;0,07531
GEN0719;3204;-0,8533;0,1603;0,02686;0,07566
GEN0720;3758;0,2414;0,575;0,2452;0,7426
GEN0721;106,7;-1,146;0,2882;0,06664;0,1434
GEN0722;2129;-1,007;0,1757;0,06676;0,09284
GEN0723;4177;0,1139;0,5078;0,7437;1
GEN0724;2934;0,6602;0,3987;0,02847;0,04247
GEN0725;3514;-0,8049;0,1468;0,009318;0,01577
GEN0726;2644;1,218;0,1061;0,1693;0,4906
GEN0727;1499;-0,4291;0,4838;0,4439;0,8441
GEN0728;3739;0,4002;0,3959;0,1206;0,3777
GEN0729;104,3;1,783;0,244;4,9e-05;9,408e-05
GEN0730;4327;-1,226;0,2609;0,07553;0,1154
GEN0731;2831;1,617;0,2289;0,1865;0,4701
GEN0732;3913;1,627;0,5665;0,001748;0,00557
GEN0733;933,2;-0,7389;0,1376;0,1836;0,5592
GEN0734;705,6;0,8886;0,2238;0,007123;0,01321
GEN0735;68,61;1,546;0,442;0,1031;0,3204
GEN0736;4911;-0,183;0,1445;0,3814;0,9512
GEN0737;1918;-0,302;0,5627;0,1255;0,1766
GEN0738;4347;-1,244;0,13;0,001402;0,004777
GEN0739;3361;1,172;0,515;0,06118;0,06172
GEN0740;4163;1,18;0,4381;0,007136;0,01358
GEN0741;2191;-2,676;0,4004;0,004348;0,009238
GEN0742;3894;2,018;0,4764;0,0002615;0,0007705
GEN0743;3062;0,7523;0,4605;0,01188;0,03696
GEN0744;4046;-0,9636;0,598;0,0304;0,06824
GEN0745;52,38;1,436;0,1031;0,01688;0,04669
GEN0746;3265;1,015;0,2144;0,1449;0,2376
GEN0747;3099;0,6993;0,2424;0,1681;0,4142
GEN0748;3803;0,662;0,3914;0,07205;0,1547
GEN0749;264,6;1,015;0,1603;0,003781;0,01341
GEN0750;1382;0,7763;0,5484;0,006276;0,007959
GEN0751;1302;1,71;0,4566;8,651e-05;0,0001797
GEN0752;2160;-1,069;0,5931;0,2503;0,4002
GEN0753;744,8;4,148;0,4778;0,01212;0,04515
GEN0754;2093;0,2339;0,4248;0,4234;1
GEN0755;1868;1,637;0,1311;0,0004763;0,00184
GEN0756;4166;-1,437;0,5501;0,004622;0,007
GEN0757;3905;-0,3489;0,2622;0,4173;1
GEN0758;687,7;-0,6288;0,3623;0,1272;0,3174
GEN0759;4999;0,5636;0,3008;0,1156;0,1219
GEN0760;2717;1,844;0,2394;4,911e-05;0,0001474
GEN0761;3219;0,1736;0,2844;0,4315;1
GEN0762;835,2;0,3333;0,3208;0,1181;0,2113
GEN0763;2764;1,713;0,3471;0,0001086;0,0003989
GEN0764;3758;-0,5712;0,4443;0,4777;1
GEN0765;4642;-2,277;0,4767;0,01161;0,04574
GEN0766;4304;-0,2624;0,2827;0,5162;1
GEN0767;553,9;1,05;0,2403;0,0111;0,01536
GEN0768;4215;0,7254;0,5346;0,01504;0,04414
GEN0769;3965;0,5336;0,5987;0,3363;0,958
GEN0770;2465;-0,5203;0,1238;0,08964;0,2018
GEN0771;3444;2,791;0,237;7,65e-05;0,0002277
GEN0772;3059;-0,509;0,1457;0,02852;0,09139
GEN0773;2847;-0,8725;0,4905;0,1687;0,1712
GEN0774;3413;-0,6996;0,117;0,1067;0,3345
GEN0775;3038;1,862;0,1769;0,008609;0,03297
GEN0776;1959;-0,2397;0,5995;0,755;1
GEN0777;533,9;2,026;0,4595;0,01589;0,01754
GEN0778;1528;-1,982;0,4767;0,0002228;0,0004956
GEN0779;4081;-0,9429;0,1602;0,002458;0,003816
GEN0780;3842;2,17;0,2683;0,0002287;0,0007477
GEN0781;1374;0,4902;0,5971;0,4759;1
GEN0782;9,523;-0,9511;0,3414;0,008979;0,01296
GEN0783;4299;-1,839;0,1545;0,009434;0,03664
GEN0784;2294;-3,958;0,1216;0,0002591;0,0009243
GEN0785;1168;-2,318;0,1192;0,0003383;0,001083
GEN0786;2640;-1,513;0,3849;0,004967;0,005745
GEN0787;61,93;0,8865;0,314;0,113;0,4142
GEN0788;576,2;2,163;0,1074;7,26e-06;2,378e-05
GEN0789;2521;1,174;0,3195;0,02359;0,09382
GEN0790;2667;-0,1869;0,3379;0,3452;0,7161
GEN0791;4799;-0,6509;0,5659;0,01962;0,06396
GEN0792;620,9;0,6945;0,3101;0,01573;0,02648
GEN0793;1344;-0,6854;0,1201;0,0197;0,07728
GEN0794;1231;-0,1001;0,1309;0,7468;1
GEN0795;65,67;-0,4586;0,466;0,1219;0,379
GEN0796;1730;1,177;0,3676;0,003688;0,01264
GEN0797;3211;-1,241;0,2656;0,000175;0,0004039
GEN0798;4392;0,1893;0,4403;0,6421;1
GEN0799;925,3;0,4677;0,3828;0,2076;0,8082
GEN0800;3127;-3,04;0,5278;0,0002198;0,0004253
GEN0801;1941;0,1225;0,2875;0,5356;1
GEN0802;1903;0,7649;0,3406;0,3451;0,3663
GEN0803;3471;-0,3617;0,2122;0,296;0,7918
GEN0804;1206;1,962;0,3249;6,693e-05;9,75e-05
GEN0805;563,8;1,426;0,4009;0,05045;0,1389
GEN0806;3275;-4,087;0,3021;1,842e-10;1,847e-10
GEN0807;2618;0,1487;0,1807;0,3922;1
GEN0808;62,96;2,23;0,4022;0,00259;0,004787
GEN0809;4895;3,206;0,1533;5,335e-08;8,682e-08
GEN0810;1195;1,246;0,5552;0,01044;0,01365
GEN0811;4172;-0,7203;0,1609;0,02252;0,06721
GEN0812;3798;-0,03796;0,23;0,9244;1
GEN0813;264,1;0,1159;0,4232;0,4882;0,5778
GEN0814;438,2;2,728;0,1463;0,0001453;0,0004552
GEN0815;4896;-0,3101;0,1774;0,2833;0,3386
GEN0816;897,4;-1,862;0,1646;0,0004199;0,0005593
GEN0817;742,4;0,4677;0,5257;0,113;0,2664
GEN0818;3901;-0,8262;0,4598;0,3536;0,8209
GEN0819;3354;-0,7441;0,3475;0,008187;0,01347
GEN0820;4698;-0,5285;0,5725;0,4336;0,7741
GEN0821;2693;0,3722;0,1232;0,2003;0,7436
GEN0822;4020;-0,7658;0,5987;0,03351;0,1339
GEN0823;4809;0,6543;0,1366;0,01237;0,0326
GEN0824;3490;1,222;0,3779;0,0005755;0,002201
GEN0825;1397;-2,56;0,2503;1,807e-08;3,342e-08
GEN0826;2061;0,0716;0,5929;0,6813;1
GEN0827;1400;-0,07051;0,598;0,7542;1
GEN0828;4314;0,8833;0,5173;0,003414;0,005818
GEN0829;1074;1,076;0,5819;0,2159;0,613
GEN0830;1116;1,164;0,2615;0,004068;0,006318
GEN0831;1600;0,06825;0,2866;0,6598;1
GEN0832;4203;0,2806;0,5364;0,1781;0,578
GEN0833;3940;0,3294;0,5139;0,4802;1
GEN0834;4726;-0,3372;0,5515;0,4544;1
GEN0835;2560;-0,2111;0,4666;0,3967;1
GEN0836;3084;0,388;0,4484;0,5574;0,5643
GEN0837;128,8;-0,681;0,5813;0,03319;0,1006
GEN0838;2095;-0,9457;0,1949;0,003048;0,007544
GEN0839;804,5;-2,288;0,3747;4,517e-06;1,228e-05
GEN0840;748,9;0,7461;0,2737;0,1354;0,2119
GEN0841;3901;0,9202;0,3885;0,01219;0,01862
GEN0842;2903;3,075;0,2121;0,0132;0,03325
GEN0843;156,7;0,07676;0,3939;0,8497;1
GEN0844;3271;-1,315;0,2244;0,01116;0,01192
GEN0845;2491;1,095;0,2939;0,002299;0,007187
GEN0846;4965;-4,256e-05;0,2564;0,9998;1
GEN0847;4912;0,02338;0,4288;0,9493;1
GEN0848;3221;2,38;0,3986;0,09177;0,2263
GEN0849;1518;1,381;0,1742;7,532e-05;0,0002237
GEN0850;2244;1,645;0,4666;0,03507;0,05518
GEN0851;4660;-0,454;0,5477;0,2546;0,3988
GEN0852;3060;-0,5513;0,1073;0,06498;0,2196
GEN0853;796,8;1,565;0,2242;0,01642;0,05275
GEN0854;3011;-1,118;0,5093;0,0006065;0,001254
GEN0855;4285;-2,155;0,3414;0,005631;0,01855
GEN0856;792,4;0,5564;0,4116;0,03784;0,05541
GEN0857;2917;2,475;0,2145;0,0364;0,07534
GEN0858;2867;-0,7829;0,5699;0,009106;0,0348
GEN0859;3562;-1,786;0,302;0,01441;0,05217
GEN0860;1269;1,173;0,3685;0,007036;0,02533
GEN0861;342,6;-1,914;0,4306;0,03343;0,0922
GEN0862;604,6;1,615;0,2083;0,0002401;0,0007256
GEN0863;1528;0,3494;0,537;0,4624;1
GEN0864;3314;0,191;0,5542;0,3758;1
GEN0865;3898;0,4963;0,2714;0,09795;0,3453
GEN0866;4673;-2,642;0,1942;7,833e-06;2,289e-05
GEN0867;2559;0,7631;0,3987;0,3165;1
GEN0868;1789;1,552;0,1783;0,01291;0,0277
GEN0869;4714;2,022;0,269;0,01035;0,03217
GEN0870;4310;-0,6089;0,1475;0,08857;0,2158
GEN0871;4777;0,3978;0,4896;0,4698;1
GEN0872;4565;0,8493;0,41;0,08374;0,3298
GEN0873;1909;-0,05475;0,2544;0,8437;1
GEN0874;2887;1,891;0,1767;7,051e-05;0,0002008
GEN0875;3045;0,794;0,1638;0,1501;0,5664
GEN0876;16,34;0,9858;0,5262;0,0108;0,02711
GEN0877;3893;-0,01051;0,2189;0,9522;1
GEN0878;1171;1,905;0,1011;0,001023;0,003144
GEN0879;4013;2,644;0,1708;1,516e-05;2,754e-05
GEN0880;2209;1,397;0,1648;0,04651;0,1563
GEN0881;3769;2,065;0,4099;0,004539;0,01754
GEN0882;1165;-0,9995;0,2177;0,02467;0,03106
GEN0883;1040;-0,8922;0,2718;0,006864;0,01902
GEN0884;4087;-0,4956;0,4251;0,1091;0,4066
GEN0885;3807;0,06504;0,4811;0,6887;1
GEN0886;981,1;-0,6237;0,1601;0,4997;1
GEN0887;1050;-0,5682;0,3212;0,4214;0,6872
GEN0888;4315;-1,457;0,2378;0,0001064;0,0001746
GEN0889;3183;0,2445;0,4087;0,7115;1
GEN0890;3371;0,1536;0,3873;0,5764;1
GEN0891;316;-0,8335;0,2489;0,2129;0,7091
GEN0892;3708;2,59;0,5343;0,0001236;0,0002366
GEN0893;4152;-1,666;0,2569;0,002539;0,00499
GEN0894;917,4;0,9202;0,2649;0,004149;0,005148
GEN0895;3547;0,02832;0,2453;0,9694;1
GEN0896;4453;1,049;0,3399;0,007395;0,02844
GEN0897;4329;-1,691;0,2787;0,001154;0,00431
GEN0898;1727;1,177;0,5636;0,005577;0,0143
GEN0899;338,4;0,3318;0,1779;0,7048;1
GEN0900;787,4;-1,448;0,3416;0,0006056;0,001908
GEN0901;1689;-0,7862;0,4215;0,04096;0,1229
GEN0902;4743;-0,701;0,3203;0,03133;0,07148
GEN0903;977,9;0,524;0,5652;0,03222;0,05133
GEN0904;3140;0,4157;0,2236;0,22;0,3585
GEN0905;179,3;-1,394;0,2774;0,04005;0,05639
GEN0906;3828;1,644;0,361;0,0229;0,06372
GEN0907;3825;-0,8043;0,4985;0,007626;0,01538
GEN0908;796,3;0,9236;0,3213;0,01855;0,06281
GEN0909;2350;-0,4625;0,3483;0,4867;0,8521
GEN0910;4799;1,072;0,5922;0,001582;0,001742
GEN0911;319,4;-0,64;0,1019;0,1264;0,4811
GEN0912;1677;-1,858;0,3361;0,0001552;0,0002521
GEN0913;2483;-0,6695;0,5865;0,0157;0,04689
GEN0914;3332;-0,2327;0,3657;0,2118;0,3445
GEN0915;4121;-0,1234;0,4284;0,5405;0,5506
GEN0916;1821;0,7926;0,5251;0,004095;0,007051
GEN0917;4647;0,7588;0,4587;0,0082;0,02546
GEN0918;4421;0,6196;0,1165;0,2679;0,3514
GEN0919;681,4;-0,462;0,4598;0,3746;1
GEN0920;3807;-1,442;0,2587;0,001381;0,00454
GEN0921;3844;-0,4266;0,4899;0,333;0,9191
GEN0922;3136;-1,657;0,5723;0,0003145;0,001149
GEN0923;149,8;0,9885;0,5343;0,1733;0,3957
GEN0924;4144;1,221;0,2446;0,0005595;0,002012
GEN0925;1424;-1,369;0,3937;0,000111;0,0001674
GEN0926;4696;-0,8122;0,2423;0,02065;0,02663
GEN0927;775,7;0,9817;0,2784;0,05258;0,1879
GEN0928;3185;0,3935;0,2252;0,2218;0,7311
GEN0929;2923;0,05077;0,1494;0,7045;1
GEN0930;73,41;-0,9583;0,2055;0,03306;0,07359
GEN0931;204,4;2,194;0,5169;0,01045;0,01257
GEN0932;2792;-0,3961;0,1482;0,1411;0,1578
GEN0933;4040;-0,4644;0,5649;0,1367;0,2716
GEN0934;1288;0,4131;0,213;0,4685;0,8773
GEN0935;3214;-0,1321;0,3051;0,5479;1
GEN0936;1667;2,162;0,2942;2,921e-05;4,559e-05
GEN0937;3104;0,7043;0,2996;0,169;0,3178
GEN0938;4845;-0,7252;0,2646;0,03008;0,08583
GEN0939;1034;0,9054;0,435;0,002291;0,003609
GEN0940;1567;0,6766;0,1974;0,347;0,6214
GEN0941;2806;-1,673;0,494;0,0006562;0,001507
GEN0942;210,7;0,8721;0,4903;0,03824;0,128
GEN0943;2754;1,462;0,4502;0,06907;0,1539
GEN0944;1694;-1,173;0,5704;0,02956;0,1033
GEN0945;2172;-1,617;0,1997;0,04505;0,1371
GEN0946;1780;1,311;0,123;0,004501;0,01643
GEN0947;908,4;0,4121;0,2291;0,4481;0,855
GEN0948;4061;-1,682;0,584;0,001186;0,004271
GEN0949;2945;2,197;0,195;0,001459;0,005158
GEN0950;4415;-0,8959;0,4546;0,04613;0,116
GEN0951;854,6;0,1746;0,1988;0,4584;0,996
GEN0952;1029;2,024;0,1906;0,008498;0,009379
GEN0953;2571;-1,439;0,287;0,01553;0,01807
GEN0954;4714;0,2425;0,1288;0,3518;0,4933
GEN0955;2383;-0,7836;0,426;0,2014;0,5127
GEN0956;4022;0,155;0,3713;0,6719;1
GEN0957;514,8;-0,2408;0,1223;0,6432;1
GEN0958;3369;-1,716;0,5491;0,001201;0,00305
GEN0959;3670;2,366;0,3206;0,001206;0,001409
GEN0960;2153;-1,69;0,1006;0,02094;0,0253
GEN0961;1604;0,413;0,1586;0,1308;0,2681
GEN0962;2778;1,549;0,2631;0,009448;0,03701
GEN0963;819,7;-0,6364;0,111;0,1694;0,2488
GEN0964;2800;-0,3235;0,355;0,1848;0,6484
GEN0965;1498;0,4996;0,5679;0,1799;0,2865
GEN0966;1776;-0,5456;0,3448;0,03865;0,1119
GEN0967;2890;-2,223;0,2111;0,04432;0,125
GEN0968;999;0,5767;0,4507;0,4361;1
GEN0969;3393;1,296;0,263;0,1121;0,1348
GEN0970;4378;-0,2416;0,2786;0,2818;0,8453
GEN0971;2370;0,447;0,1404;0,1838;0,5806
GEN0972;427,6;1,495;0,4958;0,0003916;0,001101
GEN0973;893,6;1,206;0,1488;0,004675;0,01109
GEN0974;4733;1,173;0,3531;0,005518;0,02119
GEN0975;612;2,805;0,4867;1,571e-08;3,893e-08
GEN0976;4346;0,299;0,5125;0,1863;0,5535
GEN0977;4975;-1,621;0,2973;0,01075;0,02541
GEN0978;3648;-2,788;0,1781;0,0002379;0,0007446
GEN0979;3975;0,3929;0,1939;0,3783;0,9524
GEN0980;4012;2,461;0,5774;0,0003992;0,001553
GEN0981;1610;0,7878;0,2052;0,04082;0,1563
GEN0982;1232;-2,96;0,1507;2,515e-08;4,349e-08
GEN0983;2058;-2,594;0,268;2,131e-06;2,964e-06
GEN0984;747,4;-0,3464;0,13;0,1788;0,4418
GEN0985;3900;0,6114;0,1661;0,2065;0,2122
GEN0986;195,6;2,632;0,3591;1,235e-05;3,369e-05
GEN0987;3465;2,408;0,1053;1,736e-07;4,016e-07
GEN0988;951,8;-1,266;0,4145;0,02735;0,0327
GEN0989;4937;-0,1434;0,2952;0,746;1
GEN0990;3914;1,898;0,4797;0,0002045;0,000367
GEN0991;82,71;0,0004913;0,3914;0,9989;1
GEN0992;2601;-1,125;0,2106;0,00271;0,01067
GEN0993;4495;1,882;0,1933;3,06e-06;1,209e-05
GEN0994;1725;1,179;0,4897;0,04652;0,15
GEN0995;3688;-1,698;0,2046;0,000151;0,0002331
GEN0996;3301;-1,618;0,2985;0,09142;0,1377
GEN0997;4199;1,833;0,4595;0,0001137;0,0002524
GEN0998;3403;-0,2698;0,4888;0,5265;1
GEN0999;1182;1,2;0,3823;0,06278;0,1853
GEN1000;2771;-1,476;0,3646;0,0001118;0,0002314
GEN1001;182,2;-2,042;0,2318;0,004495;0,009544
GEN1002;2150;-0,3699;0,4216;0,1709;0,3802
GEN1003;4404;-0,5244;0,1942;0,1172;0,2573
GEN1004;928,6;1,334;0,2177;0,0001529;0,000386
GEN1005;1214;-2,022;0,3842;0,03213;0,0807
GEN1006;152,8;0,8988;0,4957;0,2608;0,6525
GEN1007;1128;-2,885;0,4867;9,793e-05;0,0001728
GEN1008;4642;1,202;0,1187;0,2282;0,5647
GEN1009;3779;1,751;0,1308;0,000696;0,0007998
GEN1010;1524;-0,7838;0,1287;0,1945;0,272
GEN1011;3709;0,8228;0,2841;0,01257;0,04877
GEN1012;946,4;-3,019;0,5381;4,201e-07;1,103e-06
GEN1013;1240;-0,6306;0,3732;0,1214;0,2659
GEN1014;588,4;0,09066;0,364;0,7673;1
GEN1015;4288;1,382;0,1644;0,1285;0,4482
GEN1016;4922;-2,894;0,38;1,496e-06;3,739e-06
GEN1017;3863;-0,9601;0,1354;0,01311;0,01369
GEN1018;2282;0,3948;0,1581;0,5616;1
GEN1019;4364;-1,284;0,1282;0,0005364;0,0015
GEN1020;4568;1,454;0,478;0,0002201;0,0008373
GEN1021;865,2;0,7854;0,1095;0,009481;0,01217
GEN1022;4175;1,506;0,2864;0,0002953;0,0003253
GEN1023;1701;1,353;0,3702;0,0003397;0,001033
GEN1024;2624;1,666;0,2316;7,382e-05;0,0002774
GEN1025;1570;-1,719;0,3396;4,701e-05;0,0001598
GEN1026;875,3;1,094;0,184;0,008135;0,01932
GEN1027;2355;1,739;0,4739;0,00721;0,02325
GEN1028;2850;0,01452;0,3248;0,9583;1
GEN1029;4361;0,9166;0,5076;0,008413;0,01818
GEN1030;3744;1,065;0,3311;0,0006862;0,001596
GEN1031;3021;0,5973;0,464;0,01744;0,06047
GEN1032;2367;-0,3636;0,2825;0,1932;0,7281
GEN1033;3707;-0,3065;0,3246;0,4063;1
GEN1034;2072;-1,962;0,1666;0,01142;0,03197
GEN1035;1450;1,473;0,4479;0,0001415;0,0002286
GEN1036;3136;-0,3704;0,1764;0,3043;0,5834
GEN1037;2065;0,7991;0,5087;0,007742;0,03025
GEN1038;619,3;2,877;0,3327;2,413e-08;5,993e-08
GEN1039;2590;-3,222;0,2881;0,02295;0,05084
GEN1040;1082;0,03504;0,203;0,7941;1
GEN1041;219,9;2,528;0,3002;2,938e-06;7,74e-06
GEN1042;2128;0,1288;0,3793;0,4783;0,9679
GEN1043;3918;-0,5045;0,148;0,3141;0,7356
GEN1044;4094;2,084;0,497;0,06023;0,2123
GEN1045;3265;-1,221;0,5674;0,01667;0,03817
GEN1046;251,7;-0,9811;0,5411;0,05196;0,1764
GEN1047;4674;0,157;0,3501;0,5267;0,8448
GEN1048;862,9;1,368;0,3808;0,0002101;0,0004057
GEN1049;1295;0,6016;0,3315;0,5161;1
GEN1050;181,5;1,091;0,3984;0,01425;0,0238
GEN1051;3611;2,058;0,2491;0,00631;0,01219
GEN1052;3995;0,3426;0,22;0,3916;0,9815
GEN1053;718,2;-1,459;0,4986;0,004677;0,01742
GEN1054;2683;-0,1425;0,1559;0,5458;1
GEN1055;4827;-0,4479;0,3327;0,101;0,2089
GEN1056;3762;1,949;0,2107;0,0003053;0,001188
GEN1057;986,6;0,8135;0,5673;0,008472;0,03381
GEN1058;700,4;0,03327;0,1858;0,8199;0,841
GEN1059;1140;2,726;0,356;6,219e-05;0,000127
GEN1060;4115;1,323;0,3138;0,01237;0,02281
GEN1061;3864;-1,428;0,5759;0,2078;0,4234
GEN1062;2844;-1,237;0,2683;0,01171;0,0184
GEN1063;4658;2,009;0,3953;0,09158;0,3076
GEN1064;4092;0,9237;0,1276;0,1843;0,5845
GEN1065;1684;2,118;0,1651;0,04563;0,1092
GEN1066;276,2;2,027;0,1671;5,614e-06;1,239e-05
GEN1067;296,2;0,08086;0,2863;0,8766;1
GEN1068;1962;0,9629;0,306;0,005223;0,01676
GEN1069;1646;1,097;0,2544;0,0221;0,07029
GEN1070;2843;-0,6192;0,3125;0,01321;0,01739
GEN1071;4421;-0,6438;0,1498;0,4562;1
GEN1072;2030;-0,3339;0,5137;0,3669;1
GEN1073;4131;0,2105;0,5229;0,3152;0,7738
GEN1074;4827;0,746;0,2228;0,2248;0,4591
GEN1075;333,6;-0,6186;0,5843;0,2894;0,9588
GEN1076;3265;0,386;0,2708;0,2551;1
GEN1077;2520;0,01315;0,4942;0,9441;1
GEN1078;126,3;0,5918;0,2996;0,01937;0,06271
GEN1079;1487;-0,6206;0,2978;0,1951;0,3508
GEN1080;1485;-1,256;0,2257;0,0004118;0,001623
GEN1081;4757;1,13;0,1292;0,009312;0,01487
GEN1082;1873;0,8;0,159;0,3792;1
GEN1083;837,7;-1,151;0,3813;0,0004508;0,001539
GEN1084;3887;0,4039;0,3315;0,1101;0,3734
GEN1085;3248;2,313;0,2653;0,001599;0,006358
GEN1086;398,8;-0,5349;0,3754;0,1921;0,5988
GEN1087;4015;1,301;0,4908;0,0001972;0,0005422
GEN1088;3939;0,2622;0,5001;0,2902;0,6332
GEN1089;411;-0,4421;0,261;0,05959;0,1016
GEN1090;1825;1,552;0,3645;0,02061;0,02143
GEN1091;4435;1,077;0,4338;0,01397;0,04557
GEN1092;1716;1,482;0,4461;0,002317;0,006919
GEN1093;2220;-2,197;0,3697;1,324e-06;3,761e-06
GEN1094;3127;-0,237;0,4611;0,4039;0,9933
GEN1095;1332;-0,2268;0,4502;0,3069;0,8592
GEN1096;4092;0,2556;0,5437;0,4635;0,655
GEN1097;4916;1,962;0,4368;0,0502;0,1456
GEN1098;4499;-0,7982;0,5088;0,1142;0,227
GEN1099;3318;-1,194;0,4575;0,03458;0,05888
GEN1100;12,2;-0,1419;0,2936;0,4186;0,4762
GEN1101;1175;-0,1001;0,413;0,67;1
GEN1102;1531;0,3582;0,441;0,1742;0,5118
GEN1103;1576;0,5078;0,1305;0,4081;1
GEN1104;2119;1,421;0,5694;0,04764;0,08227
GEN1105;2782;0,08157;0,4097;0,7239;0,7751
GEN1106;1698;1,588;0,262;0,138;0,3465
GEN1107;3199;1,119;0,1688;0,02035;0,03755
GEN1108;4281;-0,1722;0,3459;0,3734;0,8165
GEN1109;4645;-1,857;0,1918;0,1278;0,1484
GEN1110;3207;1,91;0,5555;0,0001215;0,0004265
GEN1111;1659;1,737;0,5191;2,244e-05;5,603e-05
GEN1112;2698;-0,8061;0,4771;0,04328;0,1481
GEN1113;528,8;1,599;0,2578;0,0001716;0,0005546
GEN1114;9,405;1,892;0,1647;2,353e-06;7,407e-06
GEN1115;1390;1,615;0,2975;3,518e-05;7,008e-05
GEN1116;4843;1,833;0,5376;0,01168;0,02908
GEN1117;2955;-1,228;0,2892;0,002029;0,004711
GEN1118;1406;0,4803;0,343;0,04049;0,124
GEN1119;1347;-0,9212;0,2046;0,005592;0,01933
GEN1120;4960;1,182;0,4479;0,0007886;0,002125
GEN1121;4238;0,6395;0,4594;0,05559;0,1918
GEN1122;954,6;-1,085;0,5678;0,2273;0,6141
GEN1123;3181;-0,4014;0,5284;0,104;0,2187
GEN1124;2546;-0,4784;0,4262;0,2145;0,8005
GEN1125;4331;-1,151;0,4622;0,01623;0,03989
GEN1126;1538;0,2754;0,5344;0,2179;0,3577
GEN1127;381,6;1,07;0,5334;0,04543;0,06616
GEN1128;770,2;-0,4545;0,4984;0,3526;1
GEN1129;2761;-0,03786;0,1637;0,8239;1
GEN1130;417;-1,258;0,1974;0,07497;0,2158
GEN1131;3244;0,4563;0,5654;0,1153;0,4463
GEN1132;1942;0,9625;0,4575;0,09108;0,1381
GEN1133;1117;-2,701;0,5085;0,05526;0,1551
GEN1134;2012;-0,8243;0,3698;0,189;0,4764
GEN1135;617,3;0,9623;0,1112;0,1191;0,3648
GEN1136;3056;-1,537;0,3772;0,01721;0,02257
GEN1137;3181;-0,65;0,2453;0,06657;0,1395
GEN1138;3053;0,1436;0,2552;0,6819;1
GEN1139;3231;-0,08162;0,3304;0,5789;0,8234
GEN1140;1988;-0,002799;0,3193;0,9864;1
GEN1141;1284;-1,728;0,5312;0,1701;0,6053
GEN1142;2820;-0,4176;0,3537;0,3911;1
GEN1143;512,3;1,127;0,126;0,1984;0,6035
GEN1144;4267;-2,027;0,2657;0,0003434;0,001287
GEN1145;3823;-1,475;0,133;0,03723;0,1215
GEN1146;2623;-1,68;0,3858;4,059e-05;0,0001133
GEN1147;1101;3,605;0,4145;3,036e-07;1,011e-06
GEN1148;412,3;1,987;0,4701;6,922e-05;0,0001317
GEN1149;103,7;-1,465;0,2122;6,493e-05;0,0002026
GEN1150;3091;-0,2969;0,2248;0,3954;0,5627
GEN1151;2204;0,7739;0,5636;0,006955;0,01708
GEN1152;4060;-0,5304;0,3381;0,1339;0,3168
GEN1153;4323;1,616;0,219;0,0001164;0,0003774
GEN1154;3192;-0,4842;0,249;0,4239;1
GEN1155;2564;-2,605;0,3898;4,741e-07;1,758e-06
GEN1156;3870;-1,078;0,2375;0,0006187;0,001167
GEN1157;993,6;-0,1309;0,3119;0,5291;1
GEN1158;3519;-1,855;0,392;0,1372;0,3265
GEN1159;1065;-1,344;0,3779;8,3e-05;0,0003041
GEN1160;2461;-0,329;0,2701;0,256;0,942
GEN1161;4809;0,6122;0,3526;0,302;0,8457
GEN1162;4490;0,432;0,2299;0,534;1
GEN1163;2638;-1,371;0,1586;0,008571;0,02418
GEN1164;2277;-1,198;0,3587;0,002207;0,003082
GEN1165;4851;0,2998;0,503;0,4811;0,6075
GEN1166;30,92;0,5454;0,3165;0,02905;0,07986
GEN1167;2868;-0,4848;0,5661;0,4336;1
GEN1168;1787;-2,436;0,37;0,07231;0,2166
GEN1169;3213;-1,534;0,5847;0,003224;0,003433
GEN1170;1027;-0,9932;0,518;0,04786;0,1368
GEN1171;22,69;1,359;0,2347;0,002366;0,004265
GEN1172;2103;0,5319;0,3807;0,4308;1
GEN1173;1266;-0,2098;0,322;0,7689;1
GEN1174;2442;0,3157;0,2918;0,5426;1
GEN1175;378,6;-1,295;0,1046;0,0002651;0,0006557
GEN1176;3174;-1,163;0,2182;0,002371;0,006537
GEN1177;531,7;0,2382;0,3877;0,3644;1
GEN1178;4775;-0,7887;0,5302;0,03652;0,1302
GEN1179;495,1;1,101;0,1252;0,04656;0,104
GEN1180;2094;-2,056;0,1361;3,312e-05;8,471e-05
GEN1181;520,7;1,38;0,3646;0,1702;0,3066
GEN1182;4371;-0,3602;0,4642;0,3584;1
GEN1183;2145;1,236;0,3889;0,06524;0,1879
GEN1184;1234;-0,9949;0,2707;0,08075;0,1898
GEN1185;719,1;2,127;0,3331;0,003779;0,008265
GEN1186;802,7;-1,46;0,2731;0,002345;0,008392
GEN1187;436,1;0,5544;0,5385;0,0411;0,08703
GEN1188;703,6;3,486;0,5698;1,774e-09;5,34e-09
GEN1189;2275;-1,586;0,5861;0,0004117;0,0007474
GEN1190;962,7;-1,222;0,1967;0,001912;0,002336
GEN1191;3730;0,5416;0,4407;0,1838;0,5139
GEN1192;49,99;0,6909;0,1362;0,2244;0,645
GEN1193;1605;-0,3284;0,2803;0,1788;0,4351
GEN1194;947,5;-2,06;0,3959;0,08207;0,2929
GEN1195;223,1;1,042;0,3965;0,04911;0,07267
GEN1196;4321;-0,9638;0,5235;0,02707;0,04328
GEN1197;4352;1,223;0,1072;0,08056;0,1872
GEN1198;251,6;-0,4611;0,4984;0,1593;0,4282
GEN1199;1721;0,2855;0,3589;0,5721;1
GEN1200;2321;-0,4352;0,1608;0,1865;0,5938
GEN1201;3584;-0,9613;0,4346;0,12;0,2856
GEN1202;3399;-1,72;0,1959;0,001723;0,001982
GEN1203;1621;-3,034;0,4646;0,004247;0,009592
GEN1204;405,7;1,315;0,5281;0,002797;0,003058
GEN1205;1552;0,601;0,324;0,07446;0,09449
GEN1206;4889;1,099;0,3628;0,1616;0,4356
GEN1207;1011;0,3537;0,1309;0,1798;0,4335
GEN1208;1941;-1,725;0,3093;2,982e-05;6,577e-05
GEN1209;3938;0,7525;0,4627;0,008717;0,01404
GEN1210;2732;0,9584;0,3955;0,1267;0,3739
GEN1211;4968;-0,7948;0,5508;0,2361;0,6524
GEN1212;3082;1,969;0,4646;0,06507;0,1755
GEN1213;3886;-0,8545;0,5944;0,03743;0,07258
GEN1214;4678;0,3957;0,4475;0,1936;0,548
GEN1215;1779;-0,43;0,5009;0,181;0,5866
GEN1216;3582;1,135;0,5498;0,0007018;0,001783
GEN1217;2527;-0,1748;0,1974;0,8158;0,9365
GEN1218;4276;-0,3581;0,4184;0,5532;1
GEN1219;3397;0,2304;0,4283;0,2072;0,5288
GEN1220;2228;-0,5924;0,2944;0,3425;1
GEN1221;3079;-0,3116;0,14;0,5197;0,9445
GEN1222;3976;1,116;0,5127;0,04103;0,1216
GEN1223;4451;-1,308;0,5182;0,001351;0,005195
GEN1224;4585;0,2203;0,5778;0,2382;0,3207
GEN1225;1692;-0,2211;0,2579;0,4456;1
GEN1226;2020;-0,6071;0,5107;0,01704;0,04679
GEN1227;911,4;-0,2948;0,5944;0,2711;1
GEN1228;4231;-1,51;0,1453;0,04384;0,05807
GEN1229;4850;1,604;0,3378;0,04871;0,071
GEN1230;4624;0,324;0,4576;0,1146;0,4468
GEN1231;847,4;-1,782;0,1025;3,886e-06;1,304e-05
GEN1232;4615;-0,3679;0,5642;0,4788;1
GEN1233;4483;-2,398;0,4824;5,518e-07;2,085e-06
GEN1234;4185;-1,807;0,4844;3,631e-06;1,216e-05
GEN1235;1717;1,163;0,3783;0,0003663;0,0005033
GEN1236;3444;-1,593;0,1716;3,784e-05;0,0001438
GEN1237;3296;2,769;0,3015;0,04977;0,05055
GEN1238;968,5;0,4;0,1748;0,1257;0,2596
GEN1239;960,8;1,092;0,4653;0,09657;0,2834
GEN1240;4207;-1,941;0,1765;1,017e-05;3,675e-05
GEN1241;4859;0,4842;0,5143;0,4203;1
GEN1242;3665;-3,04;0,5579;1,729e-08;1,788e-08
GEN1243;4283;-0,1634;0,2284;0,5124;1
GEN1244;3770;-1,166;0,1167;0,02588;0,08145
GEN1245;1330;-2,244;0,1241;0,01214;0,03821
GEN1246;457,9;1,058;0,5954;0,002913;0,008398
GEN1247;1996;-1,674;0,3426;0,001622;0,002404
GEN1248;2072;0,1678;0,4643;0,4359;0,9382
GEN1249;2802;1,682;0,293;0,000291;0,0003062
GEN1250;196;-2,325;0,3212;5,036e-07;1,953e-06
GEN1251;2337;-0,544;0,343;0,4297;0,4889
GEN1252;4557;-2,07;0,3651;2,029e-05;6,405e-05
GEN1253;1674;-1,242;0,4662;0,06405;0,1581
GEN1254;4400;1,376;0,1759;0,0532;0,0847
GEN1255;3220;-0,5629;0,3032;0,4584;0,8865
GEN1256;4126;-2,462;0,2906;0,003896;0,006014
GEN1257;1429;2,124;0,5955;0,0003022;0,0009273
GEN1258;2880;-0,07059;0,5823;0,9196;1
GEN1259;3343;-0,2115;0,3778;0,5994;1
GEN1260;649,6;-1,048;0,4425;0,001657;0,006534
GEN1261;3745;0,9798;0,266;0,06644;0,09079
GEN1262;1363;1,181;0,4984;0,003566;0,01349
GEN1263;1828;-1,84;0,5305;2,751e-05;8,472e-05
GEN1264;1884;-0,8689;0,4594;0,04579;0,1497
GEN1265;1567;1,211;0,5828;0,02539;0,03038
GEN1266;4773;-1,542;0,1152;0,0001177;0,0003881
GEN1267;1447;-0,8465;0,207;0,06794;0,2219
GEN1268;1689;1,335;0,412;0,000193;0,0002812
GEN1269;4083;-2,963;0,1944;1,381e-09;4,591e-09
GEN1270;1769;0,5418;0,5574;0,04618;0,07111
GEN1271;4644;-1,889;0,2087;2,518e-05;4,753e-05
GEN1272;3473;-0,3895;0,4972;0,6638;1
GEN1273;2644;-0,9973;0,4668;0,004656;0,008689
GEN1274;3320;1,244;0,4305;0,0003223;0,0007813
GEN1275;749;-0,4103;0,2172;0,08306;0,1846
GEN1276;4760;0,2726;0,4383;0,3576;1
GEN1277;4581;1,62;0,2533;6,017e-05;0,0001495
GEN1278;2201;3,001;0,2856;8,8e-06;9,002e-06
GEN1279;4005;-1,945;0,2463;0,02042;0,0727
GEN1280;1135;-1,558;0,4216;1,931e-05;7,094e-05
GEN1281;215,7;-0,01075;0,4955;0,9348;1
GEN1282;3610;-1,182;0,1093;0,05007;0,09773
GEN1283;1219;2,129;0,3706;0,04757;0,07629
GEN1284;4837;0,7977;0,3728;0,3755;1
GEN1285;1073;-1,012;0,2298;0,02129;0,06277
GEN1286;1824;-2,138;0,2652;0,04194;0,1099
GEN1287;1372;-0,225;0,4471;0,4071;0,4343
GEN1288;608,2;2,771;0,1442;1,219e-05;2,326e-05
GEN1289;4126;-0,3449;0,5359;0,7002;1
GEN1290;564,4;0,841;0,3186;0,306;1
GEN1291;2654;-0,1893;0,3988;0,2728;0,3295
GEN1292;3481;0,4339;0,2745;0,05813;0,07447
GEN1293;2622;-0,04648;0,3286;0,7989;1
GEN1294;2479;-0,1338;0,3172;0,6356;1
GEN1295;674,3;-1,52;0,3068;0,2002;0,3674
GEN1296;3183;4,189;0,5675;0,001285;0,001908
GEN1297;445,7;1,706;0,506;0,01038;0,01538
GEN1298;2148;2,52;0,3772;7,623e-05;0,0001232
GEN1299;4277;-1,97;0,249;0,0161;0,06193
GEN1300;3934;0,2394;0,3037;0,5119;1
GEN1301;67,98;0,442;0,5423;0,08818;0,2854
GEN1302;3636;0,4427;0,4584;0,191;0,2446
GEN1303;2406;-0,09046;0,2444;0,6769;1
GEN1304;1289;0,1822;0,391;0,3765;0,4507
GEN1305;2263;-0,8953;0,5326;0,008153;0,01786
GEN1306;3397;0,5958;0,1338;0,09471;0,3434
GEN1307;4639;0,472;0,2129;0,1462;0,2539
GEN1308;2220;1,518;0,4504;0,0002074;0,0005143
GEN1309;1613;0,8176;0,543;0,01172;0,03512
GEN1310;2942;0,8797;0,5085;0,004611;0,009604
GEN1311;1426;2,397;0,4422;0,02874;0,05404
GEN1312;299,9;0,8656;0,3616;0,004222;0,01359
GEN1313;4248;0,165;0,4306;0,3322;0,978
GEN1314;2787;0,3729;0,4217;0,2716;0,9673
GEN1315;1513;-0,7069;0,3332;0,01072;0,01679
GEN1316;3908;2,62;0,3548;5,954e-08;9,403e-08
GEN1317;2122;0,3475;0,2435;0,1365;0,4602
GEN1318;709,4;-0,4772;0,3577;0,4465;1
GEN1319;700,4;0,6281;0,5563;0,02981;0,0477
GEN1320;3585;-1,947;0,5376;0,004303;0,01047
GEN1321;1495;-1,335;0,3041;0,02195;0,03597
GEN1322;3598;2,968;0,3104;2,135e-06;6,481e-06
GEN1323;4655;0,4143;0,4161;0,201;0,7517
GEN1324;369,8;0,1298;0,3117;0,5179;1
GEN1325;2634;0,9469;0,5533;0,1471;0,5403
GEN1326;1651;0,9145;0,522;0,1052;0,2083
GEN1327;2436;1,615;0,3612;0,001844;0,006223
GEN1328;2665;-0,08923;0,4383;0,6501;1
GEN1329;3444;-2,19;0,5093;0,006532;0,01823
GEN1330;875,8;-0,8838;0,3574;0,3478;0,5952
GEN1331;3311;0,09879;0,3572;0,7554;0,8961
GEN1332;626,7;-2,322;0,4564;0,02364;0,0608
GEN1333;4131;0,397;0,241;0,1706;0,2428
GEN1334;1244;0,2699;0,1608;0,5043;0,5116
GEN1335;899,8;1,114;0,3059;0,3051;0,9542
GEN1336;4266;1,467;0,44;0,0001896;0,0003693
GEN1337;2330;-0,293;0,2017;0,6978;0,7162
GEN1338;1344;0,572;0,4929;0,1666;0,564
GEN1339;2620;1,429;0,1405;0,1184;0,3569
GEN1340;1418;1,103;0,5106;0,1051;0,3756
GEN1341;4617;2,324;0,5534;4,011e-07;6,402e-07
GEN1342;515,4;-0,5034;0,1143;0,2065;0,6528
GEN1343;3530;0,3237;0,2248;0,6904;1
GEN1344;4741;0,8059;0,5108;0,01493;0,0556
GEN1345;334,6;1,171;0,4718;0,1212;0,3482
GEN1346;1634;2,548;0,3696;2,461e-08;5,115e-08
GEN1347;2703;-0,1975;0,2096;0,3452;1
GEN1348;2905;0,6326;0,1016;0,1553;0,176
GEN1349;3777;-1,699;0,4841;0,0001594;0,0005569
GEN1350;832,8;-0,1158;0,535;0,5554;1
GEN1351;1945;0,343;0,5589;0,0935;0,1267
GEN1352;4975;-1,697;0,213;0,001229;0,003531
GEN1353;1335;2,366;0,2236;0,0008204;0,002621
GEN1354;3395;-1,06;0,1897;0,01313;0,04485
GEN1355;2712;0,7469;0,5007;0,006999;0,01204
GEN1356;2573;-1,84;0,3562;0,003474;0,01292
GEN1357;3158;-0,3477;0,4225;0,1724;0,6179
GEN1358;3455;-1,22;0,3526;0,09027;0,1275
GEN1359;1566;2,935;0,3763;1,309e-08;4,81e-08
GEN1360;2577;0,06341;0,4577;0,8433;1
GEN1361;1265;-1,048;0,5207;0,008401;0,01635
GEN1362;3490;0,5288;0,5405;0,2544;0,9906
GEN1363;1018;0,302;0,3521;0,1277;0,328
GEN1364;4122;0,3593;0,5131;0,2418;0,4831
GEN1365;1301;0,6841;0,3657;0,008873;0,02963
GEN1366;3254;1,232;0,5101;0,2717;0,7586
GEN1367;1267;-1,182;0,4983;0,05737;0,1593
GEN1368;3171;1,166;0,2548;0,04866;0,09488
GEN1369;2859;-0,6493;0,279;0,03646;0,04937
GEN1370;1047;-1,598;0,1434;0,1044;0,1054
GEN1371;3930;-0,05012;0,2206;0,8643;1
GEN1372;915,9;0,05377;0,2577;0,8664;1
GEN1373;794;-2,888;0,3676;4,116e-05;0,0001146
GEN1374;4617;-0,876;0,4136;0,007237;0,01066
GEN1375;812,8;-1,18;0,2755;0,0101;0,03161
GEN1376;3243;3,262;0,2659;1,457e-09;2,723e-09
GEN1377;4377;-0,03464;0,4777;0,9484;1
GEN1378;1569;1,719;0,2002;0,0008873;0,002393
GEN1379;97,72;-1,142;0,2149;0,02336;0,09276
GEN1380;1554;-2,47;0,3406;1,496e-07;2,593e-07
GEN1381;2106;2,963;0,3297;0,01072;0,0346
GEN1382;2192;-1,569;0,166;0,0229;0,07178
GEN1383;4298;1,08;0,4815;0,04737;0,09832
GEN1384;515,7;0,9235;0,1414;0,02546;0,03842
GEN1385;944,5;0,8681;0,5414;0,0754;0,2361
GEN1386;579,9;1,17;0,3031;0,0008673;0,003434
GEN1387;4710;-0,02678;0,2514;0,9193;1
GEN1388;3510;2,822;0,3408;0,0001621;0,0005286
GEN1389;2893;0,6284;0,4148;0,08167;0,145
GEN1390;3442;0,1024;0,5582;0,5194;1
GEN1391;3881;-0,5016;0,1427;0,2902;0,4994
GEN1392;2865;0,1078;0,43;0,7911;1
GEN1393;4247;0,9572;0,4873;0,01494;0,05801
GEN1394;1215;-0,5384;0,1622;0,117;0,3529
GEN1395;1989;0,5303;0,1282;0,1624;0,6199
GEN1396;853,6;1,13;0,1563;0,009026;0,01814
GEN1397;1186;-1,73;0,2977;0,0001208;0,0003082
GEN1398;1205;-0,6439;0,2475;0,1955;0,3055
GEN1399;472;-0,09195;0,4055;0,6616;1
GEN1400;1075;-1,5;0,138;0,03398;0,1345
GEN1401;1669;0,7261;0,3755;0,01014;0,02813
GEN1402;2997;-0,07284;0,3254;0,6174;1
GEN1403;2462;1,681;0,1333;0,002843;0,005821
GEN1404;4159;-0,2075;0,1288;0,4193;1
GEN1405;2055;-0,819;0,321;0,3271;0,9323
GEN1406;4685;0,2317;0,5312;0,7786;0,9251
GEN1407;27,18;0,7633;0,1089;0,178;0,4321
GEN1408;763,9;-2,861;0,5928;6,222e-08;1,967e-07
GEN1409;1281;1,061;0,236;0,00227;0,008743
GEN1410;3492;-1,979;0,3807;0,09793;0,3639
GEN1411;3876;2,562;0,2995;5,504e-06;1,839e-05
GEN1412;4031;-0,07528;0,168;0,7811;1
GEN1413;2044;-0,04217;0,1721;0,8563;1
GEN1414;2953;1,725;0,484;0,04581;0,1512
GEN1415;3489;1,379;0,1506;0,0004657;0,00141
GEN1416;3620;-1,336;0,5141;0,1797;0,5975
GEN1417;843,2;1,44;0,3467;0,0006646;0,002183
GEN1418;1238;-0,1812;0,2378;0,3658;1
GEN1419;1116;-1,326;0,5514;0,001146;0,00247
GEN1420;1388;-0,4547;0,4067;0,547;1
GEN1421;4565;1,165;0,2222;0,001164;0,004216
GEN1422;1424;1,318;0,4146;0,00028;0,0009662
GEN1423;3525;0,6505;0,3651;0,5025;1
GEN1424;4137;1,238;0,5326;0,005418;0,01708
GEN1425;104,3;-0,03517;0,426;0,7997;1
GEN1426;457,9;0,5437;0,1204;0,05168;0,1981
GEN1427;1194;-3,117;0,2468;0,001825;0,003435
GEN1428;54,38;-3,34;0,3409;0,008749;0,02474
GEN1429;399,5;0,8431;0,2915;0,004204;0,008295
GEN1430;2048;2,317;0,1469;0,0001099;0,0001812
GEN1431;4490;-0,7777;0,3272;0,009645;0,03494
GEN1432;1287;-0,5868;0,3232;0,3423;0,459
GEN1433;892,3;1,819;0,387;0,002936;0,003967
GEN1434;4472;-2,048;0,4838;3,906e-05;5,204e-05
GEN1435;842,1;-1,173;0,1123;0,0799;0,129
GEN1436;3924;1,834;0,5721;3,948e-06;1,53e-05
GEN1437;2712;0,4784;0,5699;0,3697;1
GEN1438;3873;1,942;0,3716;0,01777;0,03143
GEN1439;3957;-0,1192;0,1738;0,6927;1
GEN1440;517,9;-0,742;0,2523;0,2177;0,7056
GEN1441;1180;-2,232;0,1393;1,154e-05;2,435e-05
GEN1442;2578;1,535;0,4297;0,01058;0,03425
GEN1443;4248;-0,6396;0,4784;0,4755;0,7658
GEN1444;4210;-0,3468;0,1861;0,14;0,4154
GEN1445;2498;0,2852;0,5175;0,5018;1
GEN1446;829,7;1,61;0,2944;0,001832;0,004279
GEN1447;3116;-0,8301;0,5235;0,01215;0,01252
GEN1448;4602;0,7917;0,1241;0,04463;0,1207
GEN1449;1320;-0,7756;0,3746;0,0122;0,04625
GEN1450;55,91;-2,131;0,4911;0,0006131;0,001778
GEN1451;2226;-0,66;0,5864;0,0563;0,1766
GEN1452;4153;0,6937;0,2335;0,01297;0,01405
GEN1453;4681;2,14;0,5135;6,565e-05;0,0001032
GEN1454;2324;-1,123;0,414;0,002376;0,008165
GEN1455;3330;-1,379;0,2105;0,06071;0,1581
GEN1456;4052;2,058;0,3978;7,299e-05;0,0002002
GEN1457;3165;-0,8872;0,2261;0,1672;0,5056
GEN1458;1522;0,2027;0,2945;0,6051;1
GEN1459;4213;1,904;0,2736;0,001339;0,00179
GEN1460;2868;1,155;0,2675;0,0009474;0,001451
GEN1461;4809;1,105;0,4795;0,04392;0,06036
GEN1462;2042;-0,8081;0,4337;0,009326;0,02809
GEN1463;4754;-2,282;0,3404;0,004102;0,01615
GEN1464;1190;1,094;0,1218;0,005179;0,01819
GEN1465;1838;0,9562;0,3994;0,04134;0,1459
GEN1466;3784;1,621;0,1771;0,004317;0,008446
GEN1467;3015;0,7916;0,3257;0,1233;0,3357
GEN1468;4528;1,003;0,5704;0,001479;0,001815
GEN1469;4312;0,2048;0,3653;0,403;1
GEN1470;4718;-0,3498;0,3799;0,1319;0,4314
GEN1471;4280;1,123;0,3803;0,0009039;0,002376
GEN1472;4776;0,5494;0,4261;0,03595;0,105
GEN1473;2441;1,497;0,1269;0,0003311;0,001287
GEN1474;2783;0,1544;0,3482;0,4324;1
GEN1475;3130;-0,463;0,4061;0,1936;0,706
GEN1476;1780;0,5873;0,4932;0,02223;0,07648
GEN1477;1782;-0,1793;0,2919;0,3669;0,6336
GEN1478;3801;0,3232;0,4046;0,5618;1
GEN1479;2801;-1,502;0,2315;0,03725;0,0814
GEN1480;2446;-2,353;0,3064;0,03934;0,1347
GEN1481;1032;-2,405;0,5492;9,564e-05;0,0003141
GEN1482;4767;1,532;0,184;0,0127;0,02165
GEN1483;3817;-1,421;0,5443;0,00101;0,001993
GEN1484;187,9;3,924;0,389;0,01009;0,02939
GEN1485;600;-3,57;0,4748;0,01523;0,02633
GEN1486;3659;-0,8953;0,1313;0,3169;0,5883
GEN1487;1966;-0,05719;0,2541;0,9092;1
GEN1488;3639;0,4792;0,4687;0,07453;0,1119
GEN1489;4016;-0,07481;0,4692;0,7284;1
GEN1490;4045;0,6689;0,203;0,03684;0,1103
GEN1491;112,3;-0,1471;0,3309;0,5809;1
GEN1492;604,9;-0,8608;0,5599;0,06334;0,09053
GEN1493;4634;-1,702;0,2918;1,271e-05;2,797e-05
GEN1494;4033;-0,8978;0,3915;0,1641;0,6561
GEN1495;735;0,5176;0,461;0,5416;0,6052
GEN1496;1826;0,1939;0,4583;0,4833;1
GEN1497;2672;-0,0697;0,4187;0,8214;1
GEN1498;3698;-0,7454;0,3214;0,09627;0,3823
GEN1499;3254;-0,3433;0,3791;0,1831;0,22
