muestra	condicion	edad	cobertura_media	lote
A1	tratado	33	36.4	L1
A2	tratado	76	25.9	L2
A3	tratado	64	59.8	L2
A4	control	31	39.9	L2
A5	tratado	40	48.4	L2
A6	tratado	22	44.5	L1
A7	tratado	56	25.0	L2
A8	control	20	36.5	L1
A9	tratado	62	54.7	L3
A10	tratado	44	24.1	L3
A11	tratado	36	48.4	L2
A12	control	25	22.0	L1
A13	tratado	44	31.0	L2
A14	tratado	35	25.6	L2
A15	control	73	41.3	L1
A16	control	67	40.4	L3
A17	control	32	55.9	L1
A18	tratado	53	37.7	L3
A19	tratado	34	34.2	L3
A20	control	65	47.0	L1
A21	control	71	54.7	L3
A22	tratado	27	49.6	L3
A23	tratado	74	50.8	L1
A24	tratado	61	33.5	L1
